code,name,market,sector33,sector17,size
1301,極洋,prime,水産・農林業,食品,small1
130A,Ｖｅｒｉｔａｓ　Ｉｎ　Ｓｉｌｉｃｏ,growth,医薬品,医薬品,none
1332,ニッスイ,prime,水産・農林業,食品,mid400
1333,Ｕｍｉｏｓ,prime,水産・農林業,食品,mid400
135A,ＶＲＡＩＮ　Ｓｏｌｕｔｉｏｎ,growth,情報・通信業,情報通信・サービスその他,none
1375,ユキグニファクトリー,prime,水産・農林業,食品,small2
1376,カネコ種苗,standard,水産・農林業,食品,small2
1377,サカタのタネ,prime,水産・農林業,食品,small1
1379,ホクト,prime,水産・農林業,食品,small2
137A,Ｃｏｃｏｌｉｖｅ,growth,情報・通信業,情報通信・サービスその他,none
1380,秋川牧園,standard,水産・農林業,食品,none
1381,アクシーズ,standard,水産・農林業,食品,none
1382,ホーブ,standard,水産・農林業,食品,none
1383,ベルグアース,standard,水産・農林業,食品,none
1384,ホクリヨウ,standard,水産・農林業,食品,none
138A,光フードサービス,growth,小売業,小売,none
1401,エムビーエス,growth,建設業,建設・資材,none
1407,ウエストホールディングス,standard,建設業,建設・資材,none
1414,ショーボンドホールディングス,prime,建設業,建設・資材,mid400
1417,ミライト・ワン,prime,建設業,建設・資材,mid400
1418,インターライフホールディングス,standard,建設業,建設・資材,none
1419,タマホーム,prime,建設業,建設・資材,small1
141A,トライアルホールディングス,growth,小売業,小売,none
1420,サンヨーホームズ,standard,建設業,建設・資材,none
1429,日本アクア,prime,建設業,建設・資材,none
142A,ジンジブ,growth,サービス業,情報通信・サービスその他,none
1430,ファーストコーポレーション,standard,建設業,建設・資材,none
1431,Ｌｉｂ　Ｗｏｒｋ,growth,建設業,建設・資材,none
1433,ベステラ,prime,建設業,建設・資材,none
1434,ＪＥＳＣＯホールディングス,standard,建設業,建設・資材,none
1435,ｒｏｂｏｔ　ｈｏｍｅ,standard,不動産業,不動産,small2
1436,グリーンエナジー＆カンパニー,growth,建設業,建設・資材,none
1438,岐阜造園,standard,建設業,建設・資材,none
143A,イシン,growth,サービス業,情報通信・サービスその他,none
1443,技研ホールディングス,standard,建設業,建設・資材,none
1444,ニッソウ,growth,建設業,建設・資材,none
1446,キャンディル,standard,建設業,建設・資材,none
1447,ＳＡＡＦホールディングス,growth,建設業,建設・資材,none
1450,ＴＡＮＡＫＥＮ,standard,建設業,建設・資材,none
145A,Ｌ　ｉｓ　Ｂ,growth,情報・通信業,情報通信・サービスその他,none
146A,コロンビア・ワークス,standard,不動産業,不動産,none
147A,ソラコム,growth,情報・通信業,情報通信・サービスその他,none
148A,ハッチ・ワーク,growth,情報・通信業,情報通信・サービスその他,none
1491,中外鉱業,standard,非鉄金属,鉄鋼・非鉄,none
149A,シンカ,growth,情報・通信業,情報通信・サービスその他,none
150A,ＪＳＨ,growth,サービス業,情報通信・サービスその他,none
1514,住石ホールディングス,standard,鉱業,エネルギー資源,small2
1515,日鉄鉱業,prime,鉱業,エネルギー資源,small1
1518,三井松島ホールディングス,prime,その他製品,情報通信・サービスその他,small1
151A,ダイブグループ,growth,サービス業,情報通信・サービスその他,none
153A,カウリス,growth,情報・通信業,情報通信・サービスその他,none
155A,情報戦略テクノロジー,growth,情報・通信業,情報通信・サービスその他,none
156A,マテリアルグループ,growth,サービス業,情報通信・サービスその他,none
157A,グリーンモンスター,growth,サービス業,情報通信・サービスその他,none
1605,ＩＮＰＥＸ,prime,鉱業,エネルギー資源,mid400
160A,アズパートナーズ,standard,サービス業,情報通信・サービスその他,none
1662,石油資源開発,prime,鉱業,エネルギー資源,small1
1663,Ｋ＆Ｏエナジーグループ,prime,鉱業,エネルギー資源,small1
166A,タスキホールディングス,prime,不動産業,不動産,small2
167A,リョーサン菱洋ホールディングス,prime,卸売業,商社・卸売,small1
168A,イタミアート,growth,その他製品,情報通信・サービスその他,none
1711,ＳＤＳホールディングス,standard,建設業,建設・資材,none
1716,第一カッター興業,standard,建設業,建設・資材,small2
1717,明豊ファシリティワークス,standard,サービス業,情報通信・サービスその他,none
1718,美樹工業,standard,建設業,建設・資材,none
1719,安藤・間,prime,建設業,建設・資材,mid400
1720,東急建設,prime,建設業,建設・資材,small1
1721,コムシスホールディングス,prime,建設業,建設・資材,mid400
1723,日本電技,standard,建設業,建設・資材,none
1724,シンクレイヤ,standard,建設業,建設・資材,none
1736,オーテック,standard,建設業,建設・資材,none
173A,ハンモック,growth,情報・通信業,情報通信・サービスその他,none
1758,太洋基礎工業,standard,建設業,建設・資材,none
175A,Ｗｉｌｌ　Ｓｍａｒｔ,growth,情報・通信業,情報通信・サービスその他,none
1762,高松コンストラクショングループ,prime,建設業,建設・資材,small2
1764,工藤建設,standard,建設業,建設・資材,none
1766,東建コーポレーション,prime,建設業,建設・資材,small1
1768,ソネック,standard,建設業,建設・資材,none
1770,藤田エンジニアリング,standard,建設業,建設・資材,none
177A,コージンバイオ,growth,化学,素材・化学,none
1780,ヤマウラ,prime,建設業,建設・資材,small2
1783,ｆａｎｔａｓｉｓｔａ,standard,不動産業,不動産,none
1786,オリエンタル白石,prime,建設業,建設・資材,small2
1787,ナカボーテック,standard,建設業,建設・資材,none
1788,三東工業社,standard,建設業,建設・資材,none
1793,大本組,standard,建設業,建設・資材,none
1795,マサル,standard,建設業,建設・資材,none
1798,守谷商会,standard,建設業,建設・資材,none
1799,第一建設工業,standard,建設業,建設・資材,none
1801,大成建設,prime,建設業,建設・資材,mid400
1802,大林組,prime,建設業,建設・資材,mid400
1803,清水建設,prime,建設業,建設・資材,mid400
1807,佐藤渡辺,standard,建設業,建設・資材,none
1808,長谷工コーポレーション,prime,建設業,建設・資材,mid400
1810,松井建設,standard,建設業,建設・資材,small2
1811,錢高組,standard,建設業,建設・資材,none
1812,鹿島建設,prime,建設業,建設・資材,mid400
1813,不動テトラ,prime,建設業,建設・資材,small2
1814,大末建設,prime,建設業,建設・資材,none
1815,鉄建建設,prime,建設業,建設・資材,small2
1820,西松建設,prime,建設業,建設・資材,mid400
1822,大豊建設,standard,建設業,建設・資材,small2
1826,佐田建設,standard,建設業,建設・資材,none
1827,ナカノフドー建設,standard,建設業,建設・資材,none
1828,田辺工業,standard,建設業,建設・資材,none
1833,奥村組,prime,建設業,建設・資材,small1
1835,東鉄工業,prime,建設業,建設・資材,small1
1840,土屋ホールディングス,standard,建設業,建設・資材,none
1844,大盛工業,standard,建設業,建設・資材,none
1847,イチケン,standard,建設業,建設・資材,none
1848,富士ピー・エス,standard,建設業,建設・資材,none
184A,学びエイド,growth,情報・通信業,情報通信・サービスその他,none
1850,南海辰村建設,standard,建設業,建設・資材,none
1852,淺沼組,prime,建設業,建設・資材,small1
1853,森組,standard,建設業,建設・資材,none
1860,戸田建設,prime,建設業,建設・資材,mid400
1861,熊谷組,prime,建設業,建設・資材,small1
1866,北野建設,standard,建設業,建設・資材,none
1867,植木組,standard,建設業,建設・資材,none
186A,アストロスケールホールディングス,growth,サービス業,情報通信・サービスその他,none
1870,矢作建設工業,prime,建設業,建設・資材,small1
1871,ピーエス・コンストラクション,prime,建設業,建設・資材,small2
1873,日本ハウスホールディングス,prime,建設業,建設・資材,small2
1878,大東建託,prime,不動産業,不動産,mid400
1879,新日本建設,prime,建設業,建設・資材,small2
1882,東亜道路工業,prime,建設業,建設・資材,small1
1885,東亜建設工業,prime,建設業,建設・資材,small1
1887,日本国土開発,prime,建設業,建設・資材,small2
1888,若築建設,prime,建設業,建設・資材,small2
1893,五洋建設,prime,建設業,建設・資材,mid400
1897,金下建設,standard,建設業,建設・資材,none
1898,世紀東急工業,prime,建設業,建設・資材,small1
1899,福田組,prime,建設業,建設・資材,small2
189A,Ｄ＆Ｍカンパニー,growth,サービス業,情報通信・サービスその他,none
1904,大成温調,standard,建設業,建設・資材,none
1905,テノックス,standard,建設業,建設・資材,none
1909,日本ドライケミカル,standard,機械,機械,none
190A,Ｃｈｏｒｄｉａ　Ｔｈｅｒａｐｅｕｔｉｃｓ,growth,医薬品,医薬品,none
1911,住友林業,prime,建設業,建設・資材,mid400
1914,日本基礎技術,standard,建設業,建設・資材,none
1921,巴コーポレーション,standard,建設業,建設・資材,none
1925,大和ハウス工業,prime,建設業,建設・資材,large70
1926,ライト工業,prime,建設業,建設・資材,small1
1928,積水ハウス,prime,建設業,建設・資材,large70
1929,日特建設,prime,建設業,建設・資材,small2
192A,インテグループ,growth,サービス業,情報通信・サービスその他,none
1930,北陸電気工事,prime,建設業,建設・資材,small2
1934,ユアテック,prime,建設業,建設・資材,small1
1938,日本リーテック,prime,建設業,建設・資材,small2
1939,四電工,prime,建設業,建設・資材,small2
1941,中電工,prime,建設業,建設・資材,small1
1942,関電工,prime,建設業,建設・資材,mid400
1944,きんでん,prime,建設業,建設・資材,mid400
1945,東京エネシス,prime,建設業,建設・資材,small2
1946,トーエネック,prime,建設業,建設・資材,small2
1948,弘電社,standard,建設業,建設・資材,none
194A,ＷＯＬＶＥＳ　ＨＡＮＤ,growth,サービス業,情報通信・サービスその他,none
1950,日本電設工業,prime,建設業,建設・資材,small1
1951,エクシオグループ,prime,建設業,建設・資材,mid400
1952,新日本空調,prime,建設業,建設・資材,small1
1959,クラフティア,prime,建設業,建設・資材,mid400
195A,ＭＵＳＣＡＴ　ＧＲＯＵＰ,growth,サービス業,情報通信・サービスその他,none
1960,サンテック,standard,建設業,建設・資材,none
1961,三機工業,prime,建設業,建設・資材,small1
1963,日揮ホールディングス,prime,建設業,建設・資材,mid400
1964,中外炉工業,prime,建設業,建設・資材,small2
1965,テクノ菱和,standard,建設業,建設・資材,none
1966,高田工業所,standard,建設業,建設・資材,none
1967,ヤマト,standard,建設業,建設・資材,none
1968,太平電業,prime,建設業,建設・資材,small1
1969,高砂熱学工業,prime,建設業,建設・資材,mid400
196A,ＭＦＳ,growth,その他金融業,金融（除く銀行）,none
1972,三晃金属工業,standard,建設業,建設・資材,none
1975,朝日工業社,prime,建設業,建設・資材,small1
1976,明星工業,prime,建設業,建設・資材,small2
1979,大氣社,prime,建設業,建設・資材,small1
197A,タウンズ,standard,医薬品,医薬品,none
1980,ダイダン,prime,建設業,建設・資材,small1
1981,協和日成,standard,建設業,建設・資材,none
1982,日比谷総合設備,prime,建設業,建設・資材,small2
198A,ＰｏｓｔＰｒｉｍｅ,growth,情報・通信業,情報通信・サービスその他,none
1992,神田通信機,standard,建設業,建設・資材,none
1994,高橋カーテンウォール工業,standard,建設業,建設・資材,none
1997,暁飯島工業,standard,建設業,建設・資材,none
2001,ニップン,prime,食料品,食品,small1
2002,日清製粉グループ本社,prime,食料品,食品,mid400
2003,日東富士製粉,standard,食料品,食品,small2
2004,昭和産業,prime,食料品,食品,small2
2009,鳥越製粉,standard,食料品,食品,none
2053,中部飼料,prime,食料品,食品,small2
2055,日和産業,standard,食料品,食品,none
205A,ロゴスホールディングス,growth,建設業,建設・資材,none
2060,フィード・ワン,prime,食料品,食品,small2
206A,ＰＲＩＳＭ　ＢｉｏＬａｂ,growth,医薬品,医薬品,none
208A,構造計画研究所ホールディングス,standard,情報・通信業,情報通信・サービスその他,none
2108,日本甜菜製糖,prime,食料品,食品,small2
2109,ＤＭ三井製糖,prime,食料品,食品,small1
2112,塩水港精糖,standard,食料品,食品,none
2114,フジ日本,standard,食料品,食品,none
2117,ウェルネオシュガー,prime,食料品,食品,small2
211A,カドス・コーポレーション,standard,建設業,建設・資材,none
2120,ＬＩＦＵＬＬ,prime,サービス業,情報通信・サービスその他,small2
2121,ＭＩＸＩ,prime,情報・通信業,情報通信・サービスその他,small1
2122,インタースペース,standard,サービス業,情報通信・サービスその他,none
2124,ジェイエイシーリクルートメント,prime,サービス業,情報通信・サービスその他,small1
2127,日本Ｍ＆Ａセンターホールディングス,prime,サービス業,情報通信・サービスその他,mid400
212A,フィットイージー,prime,サービス業,情報通信・サービスその他,small2
2130,メンバーズ,prime,サービス業,情報通信・サービスその他,small2
2134,北浜キャピタルパートナーズ,standard,サービス業,情報通信・サービスその他,none
2136,ヒップ,standard,サービス業,情報通信・サービスその他,none
2138,クルーズ,standard,情報・通信業,情報通信・サービスその他,none
2139,中広,standard,サービス業,情報通信・サービスその他,none
2146,ＵＴグループ,prime,サービス業,情報通信・サービスその他,small1
2148,アイティメディア,prime,サービス業,情報通信・サービスその他,small2
2152,幼児活動研究会,standard,サービス業,情報通信・サービスその他,none
2153,Ｅ・Ｊホールディングス,prime,サービス業,情報通信・サービスその他,small2
2154,オープンアップグループ,prime,サービス業,情報通信・サービスその他,small1
2156,セーラー広告,standard,サービス業,情報通信・サービスその他,none
2157,コシダカホールディングス,prime,サービス業,情報通信・サービスその他,small1
2158,ＦＲＯＮＴＥＯ,growth,サービス業,情報通信・サービスその他,none
215A,タイミー,growth,サービス業,情報通信・サービスその他,none
2160,ジーエヌアイグループ,growth,医薬品,医薬品,none
2162,ｎｍｓ　ホールディングス,standard,サービス業,情報通信・サービスその他,none
2163,アルトナー,prime,サービス業,情報通信・サービスその他,none
2164,地域新聞社,standard,サービス業,情報通信・サービスその他,none
2168,パソナグループ,prime,サービス業,情報通信・サービスその他,small1
2169,ＣＤＳ,standard,サービス業,情報通信・サービスその他,none
2170,リンクアンドモチベーション,prime,サービス業,情報通信・サービスその他,small2
2173,博展,growth,サービス業,情報通信・サービスその他,none
2175,エス・エム・エス,prime,サービス業,情報通信・サービスその他,small1
2179,成学社,standard,サービス業,情報通信・サービスその他,none
2180,サニーサイドアップグループ,standard,サービス業,情報通信・サービスその他,none
2181,パーソルホールディングス,prime,サービス業,情報通信・サービスその他,mid400
2183,リニカル,standard,サービス業,情報通信・サービスその他,none
2185,シイエム・シイ,standard,サービス業,情報通信・サービスその他,none
2186,ソーバル,standard,サービス業,情報通信・サービスその他,none
218A,Ｌｉｂｅｒａｗａｒｅ,growth,精密機器,電機・精密,none
2193,クックパッド,standard,サービス業,情報通信・サービスその他,small2
2195,アミタホールディングス,growth,サービス業,情報通信・サービスその他,none
2198,アイ・ケイ・ケイホールディングス,prime,サービス業,情報通信・サービスその他,none
219A,Ｈｅａｒｔｓｅｅｄ,growth,医薬品,医薬品,none
2201,森永製菓,prime,食料品,食品,mid400
2204,中村屋,standard,食料品,食品,small2
2206,江崎グリコ,prime,食料品,食品,mid400
2207,ｍｅｉｔｏ,prime,食料品,食品,small2
2208,ブルボン,standard,食料品,食品,none
2209,井村屋グループ,prime,食料品,食品,small2
220A,Ｆａｂｅｒ　Ｃｏｍｐａｎｙ,standard,情報・通信業,情報通信・サービスその他,none
2211,不二家,prime,食料品,食品,small2
2212,山崎製パン,prime,食料品,食品,mid400
2215,第一屋製パン,standard,食料品,食品,none
2216,カンロ,standard,食料品,食品,none
2217,モロゾフ,prime,食料品,食品,small2
2220,亀田製菓,prime,食料品,食品,small1
2221,岩塚製菓,standard,食料品,食品,none
2222,寿スピリッツ,prime,食料品,食品,mid400
2224,コモ,standard,食料品,食品,none
2226,湖池屋,standard,食料品,食品,none
2229,カルビー,prime,食料品,食品,mid400
2264,森永乳業,prime,食料品,食品,mid400
2266,六甲バター,prime,食料品,食品,small2
2267,ヤクルト本社,prime,食料品,食品,mid400
2268,Ｂ－Ｒ　サーティワン　アイスクリーム,standard,食料品,食品,none
2269,明治ホールディングス,prime,食料品,食品,mid400
2270,雪印メグミルク,prime,食料品,食品,small1
2281,プリマハム,prime,食料品,食品,small1
2282,日本ハム,prime,食料品,食品,mid400
2286,林兼産業,standard,食料品,食品,none
2288,丸大食品,prime,食料品,食品,small2
228A,オプロ,growth,情報・通信業,情報通信・サービスその他,none
2291,福留ハム,standard,食料品,食品,none
2292,Ｓ　Ｆｏｏｄｓ,prime,食料品,食品,small1
2293,滝沢ハム,standard,食料品,食品,none
2294,柿安本店,prime,食料品,食品,small2
2296,伊藤ハム米久ホールディングス,prime,食料品,食品,small1
2300,きょくとう,standard,サービス業,情報通信・サービスその他,none
2301,学情,prime,サービス業,情報通信・サービスその他,small2
2303,ドーン,standard,情報・通信業,情報通信・サービスその他,none
2304,ＣＳＳホールディングス,standard,サービス業,情報通信・サービスその他,none
2305,スタジオアリス,standard,サービス業,情報通信・サービスその他,small2
2307,クロスキャット,prime,情報・通信業,情報通信・サービスその他,small2
2311,エプコ,standard,サービス業,情報通信・サービスその他,none
2315,ＣＡＩＣＡ　ＤＩＧＩＴＡＬ,standard,情報・通信業,情報通信・サービスその他,none
2317,システナ,prime,情報・通信業,情報通信・サービスその他,small1
2321,ソフトフロントホールディングス,growth,情報・通信業,情報通信・サービスその他,none
2323,ｆｏｎｆｕｎ,standard,情報・通信業,情報通信・サービスその他,none
2325,ＮＪＳ,prime,サービス業,情報通信・サービスその他,small2
2326,デジタルアーツ,prime,情報・通信業,情報通信・サービスその他,small1
2327,日鉄ソリューションズ,prime,情報・通信業,情報通信・サービスその他,mid400
2329,東北新社,standard,情報・通信業,情報通信・サービスその他,none
2330,フォーサイド,standard,情報・通信業,情報通信・サービスその他,none
2331,ＡＬＳＯＫ,prime,サービス業,情報通信・サービスその他,mid400
2332,クエスト,standard,情報・通信業,情報通信・サービスその他,none
2334,イオレ,growth,サービス業,情報通信・サービスその他,none
2335,キューブシステム,prime,情報・通信業,情報通信・サービスその他,small2
2337,いちご,prime,不動産業,不動産,small1
2338,クオンタムソリューションズ,standard,情報・通信業,情報通信・サービスその他,none
2340,極楽湯ホールディングス,standard,サービス業,情報通信・サービスその他,none
2341,アルバイトタイムス,standard,サービス業,情報通信・サービスその他,none
2342,トランスジェニックグループ,standard,サービス業,情報通信・サービスその他,none
2345,ＨＯＤＬ１,standard,情報・通信業,情報通信・サービスその他,none
2349,エヌアイデイ,standard,情報・通信業,情報通信・サービスその他,none
2351,ＡＳＪ,standard,情報・通信業,情報通信・サービスその他,none
2353,日本駐車場開発,prime,不動産業,不動産,small1
2354,ＹＥ　ＤＩＧＩＴＡＬ,standard,情報・通信業,情報通信・サービスその他,none
2359,コア,prime,情報・通信業,情報通信・サービスその他,small2
2370,メディネット,growth,サービス業,情報通信・サービスその他,none
2371,カカクコム,prime,サービス業,情報通信・サービスその他,mid400
2373,ケア２１,standard,サービス業,情報通信・サービスその他,none
2375,ギグワークス,standard,サービス業,情報通信・サービスその他,none
2376,サイネックス,standard,サービス業,情報通信・サービスその他,none
2378,ルネサンス,prime,サービス業,情報通信・サービスその他,small2
2379,ディップ,prime,サービス業,情報通信・サービスその他,small1
2384,ＳＢＳホールディングス,prime,陸運業,運輸・物流,small1
2385,総医研ホールディングス,growth,サービス業,情報通信・サービスその他,none
2388,ウェッジホールディングス,growth,その他金融業,金融（除く銀行）,none
2391,プラネット,standard,サービス業,情報通信・サービスその他,none
2393,日本ケアサプライ,standard,サービス業,情報通信・サービスその他,none
2395,新日本科学,prime,サービス業,情報通信・サービスその他,small2
2404,鉄人化ホールディングス,standard,サービス業,情報通信・サービスその他,none
2408,ＫＧ情報,standard,サービス業,情報通信・サービスその他,none
2410,キャリアデザインセンター,prime,サービス業,情報通信・サービスその他,none
2411,ゲンダイエージェンシー,standard,情報・通信業,情報通信・サービスその他,none
2413,エムスリー,prime,サービス業,情報通信・サービスその他,mid400
2415,ヒューマンホールディングス,standard,サービス業,情報通信・サービスその他,none
2418,ツカダ・グローバルホールディング,standard,サービス業,情報通信・サービスその他,none
241A,ＲＯＸＸ,growth,情報・通信業,情報通信・サービスその他,none
2424,ブラス,standard,サービス業,情報通信・サービスその他,none
2425,ケアサービス,standard,サービス業,情報通信・サービスその他,none
2428,ウェルネット,standard,サービス業,情報通信・サービスその他,none
2429,ワールドホールディングス,prime,サービス業,情報通信・サービスその他,small2
2432,ディー・エヌ・エー,prime,情報・通信業,情報通信・サービスその他,mid400
2433,博報堂ＤＹホールディングス,prime,サービス業,情報通信・サービスその他,mid400
2435,シダー,standard,サービス業,情報通信・サービスその他,none
2436,共同ピーアール,standard,サービス業,情報通信・サービスその他,none
2437,Ｓｈｉｎｗａ　Ｗｉｓｅ　Ｈｏｌｄｉｎｇｓ,standard,サービス業,情報通信・サービスその他,none
2438,アスカネット,growth,サービス業,情報通信・サービスその他,none
2440,ぐるなび,standard,サービス業,情報通信・サービスその他,small2
2445,タカミヤ,standard,サービス業,情報通信・サービスその他,small2
2449,プラップジャパン,standard,サービス業,情報通信・サービスその他,none
244A,グロースエクスパートナーズ,growth,情報・通信業,情報通信・サービスその他,none
2454,オールアバウト,standard,サービス業,情報通信・サービスその他,none
2459,アウンコンサルティング,standard,サービス業,情報通信・サービスその他,none
245A,ＩＮＧＳ,growth,小売業,小売,none
2461,ファンコミュニケーションズ,prime,サービス業,情報通信・サービスその他,small2
2462,ライク,prime,サービス業,情報通信・サービスその他,small2
2464,Ａｏｂａ‐ＢＢＴ,standard,サービス業,情報通信・サービスその他,none
2469,ヒビノ,standard,サービス業,情報通信・サービスその他,none
246A,アスア,growth,サービス業,情報通信・サービスその他,none
2471,エスプール,prime,サービス業,情報通信・サービスその他,small2
2475,ＷＤＢホールディングス,prime,サービス業,情報通信・サービスその他,small2
2477,手間いらず,standard,情報・通信業,情報通信・サービスその他,small2
2479,ジェイテック,standard,サービス業,情報通信・サービスその他,none
247A,Ａｉロボティクス,growth,化学,素材・化学,none
2480,システム・ロケーション,standard,情報・通信業,情報通信・サービスその他,none
2481,タウンニュース社,standard,サービス業,情報通信・サービスその他,none
2483,翻訳センター,standard,サービス業,情報通信・サービスその他,none
2484,出前館,standard,情報・通信業,情報通信・サービスその他,none
2485,ティア,standard,サービス業,情報通信・サービスその他,none
2488,ＪＴＰ,standard,サービス業,情報通信・サービスその他,none
2489,アドウェイズ,standard,サービス業,情報通信・サービスその他,small2
248A,キッズスター,growth,情報・通信業,情報通信・サービスその他,none
2491,バリューコマース,prime,サービス業,情報通信・サービスその他,small2
2492,インフォマート,prime,サービス業,情報通信・サービスその他,small1
2493,イーサポートリンク,standard,サービス業,情報通信・サービスその他,none
2497,ユナイテッド,growth,サービス業,情報通信・サービスその他,none
2498,オリエンタルコンサルタンツホールディングス,standard,サービス業,情報通信・サービスその他,none
2499,日本和装ホールディングス,standard,サービス業,情報通信・サービスその他,none
2501,サッポロビール,prime,食料品,食品,mid400
2502,アサヒグループホールディングス,prime,食料品,食品,large70
2503,キリンホールディングス,prime,食料品,食品,large70
250A,シマダヤ,standard,食料品,食品,small2
2531,宝ホールディングス,prime,食料品,食品,mid400
2533,オエノンホールディングス,prime,食料品,食品,small2
253A,ＥＴＳグループ,standard,建設業,建設・資材,none
254A,ＡＩフュージョンキャピタルグループ,standard,証券、商品先物取引業,金融（除く銀行）,none
255A,ジーエルテクノホールディングス,standard,精密機器,電機・精密,none
256A,飛島ホールディングス,prime,建設業,建設・資材,small2
2573,北海道コカ・コーラボトリング,standard,食料品,食品,none
2579,コカ・コーラ　ボトラーズジャパンホールディングス,prime,食料品,食品,mid400
2585,ライフドリンク　カンパニー,prime,食料品,食品,small1
2586,フルッタフルッタ,growth,食料品,食品,none
2587,サントリービバレッジ＆フード,prime,食料品,食品,mid400
2588,プレミアムウォーターホールディングス,standard,食料品,食品,none
2590,ダイドーグループホールディングス,prime,食料品,食品,small1
2593,伊藤園,prime,食料品,食品,mid400
2594,キーコーヒー,prime,食料品,食品,small2
2597,ユニカフェ,standard,食料品,食品,none
2602,日清オイリオグループ,prime,食料品,食品,small1
2607,不二製油,prime,食料品,食品,mid400
2612,かどや製油,standard,食料品,食品,none
2613,Ｊ－オイルミルズ,prime,食料品,食品,small2
261A,日水コン,standard,サービス業,情報通信・サービスその他,none
262A,インターメスティック,prime,小売業,小売,small2
264A,Ｓｃｈｏｏ,growth,サービス業,情報通信・サービスその他,none
2652,まんだらけ,standard,小売業,小売,none
2653,イオン九州,standard,小売業,小売,none
2654,アスモ,standard,小売業,小売,none
2656,ベクターホールディングス,standard,小売業,小売,none
2659,サンエー,prime,小売業,小売,small1
265A,Ｈｍｃｏｍｍ,growth,情報・通信業,情報通信・サービスその他,none
2664,カワチ薬品,prime,小売業,小売,small1
2666,オートウェーブ,standard,小売業,小売,none
2667,イメージ　ワン,standard,卸売業,商社・卸売,none
2668,タビオ,standard,卸売業,商社・卸売,none
2669,カネ美食品,standard,小売業,小売,none
2670,エービーシー・マート,prime,小売業,小売,mid400
2673,夢みつけ隊,standard,小売業,小売,none
2674,ハードオフコーポレーション,prime,小売業,小売,small2
2676,高千穂交易,prime,卸売業,商社・卸売,small2
2678,アスクル,prime,小売業,小売,small1
2681,ゲオホールディングス,prime,小売業,小売,small1
2683,魚喜,standard,小売業,小売,none
2685,アンドエスティＨＤ,prime,小売業,小売,small1
2687,シー・ヴイ・エス・ベイエリア,standard,サービス業,情報通信・サービスその他,none
2689,オルバヘルスケアホールディングス,standard,卸売業,商社・卸売,none
268A,リガク・ホールディングス,prime,精密機器,電機・精密,small1
2693,ＹＫＴ,standard,卸売業,商社・卸売,none
2694,焼肉坂井ホールディングス,standard,小売業,小売,none
2695,くら寿司,prime,小売業,小売,small1
2698,キャンドゥ,standard,小売業,小売,small2
269A,Ｓａｐｅｅｔ,growth,情報・通信業,情報通信・サービスその他,none
2700,木徳神糧,standard,卸売業,商社・卸売,none
2702,日本マクドナルドホールディングス,standard,小売業,小売,none
2705,大戸屋ホールディングス,standard,小売業,小売,none
2708,久世,standard,卸売業,商社・卸売,none
2721,ジェイホールディングス,standard,卸売業,商社・卸売,none
2722,ＩＫホールディングス,standard,小売業,小売,none
2726,パルグループホールディングス,prime,小売業,小売,small1
2730,エディオン,prime,小売業,小売,small1
2733,あらた,prime,卸売業,商社・卸売,small1
2734,サーラコーポレーション,prime,小売業,小売,small2
2735,ワッツ,standard,小売業,小売,none
2736,フェスタリアホールディングス,standard,小売業,小売,none
2737,トーメンデバイス,prime,卸売業,商社・卸売,small2
2742,ハローズ,prime,小売業,小売,small2
2747,北雄ラッキー,standard,小売業,小売,none
2749,ＪＰホールディングス,prime,サービス業,情報通信・サービスその他,small1
274A,ガーデン,standard,小売業,小売,none
2750,石光商事,standard,卸売業,商社・卸売,none
2751,テンポスホールディングス,standard,卸売業,商社・卸売,none
2752,フジオフードグループ本社,prime,小売業,小売,small1
2753,あみやき亭,prime,小売業,小売,small2
2760,東京エレクトロン　デバイス,prime,卸売業,商社・卸売,small1
2762,ＳＡＮＫＯ　ＭＡＲＫＥＴＩＮＧ　ＦＯＯＤＳ,standard,小売業,小売,none
2764,ひらまつ,standard,小売業,小売,none
2767,円谷フィールズホールディングス,prime,卸売業,商社・卸売,small1
2768,双日,prime,卸売業,商社・卸売,mid400
2769,ヴィレッジヴァンガードコーポレーション,standard,小売業,小売,none
276A,ククレブ・アドバイザーズ,growth,不動産業,不動産,none
2776,新都ホールディングス,standard,卸売業,商社・卸売,none
2778,パレモ・ホールディングス,standard,小売業,小売,none
277A,グロービング,prime,サービス業,情報通信・サービスその他,small2
2780,コメ兵ホールディングス,standard,小売業,小売,none
2782,セリア,standard,小売業,小売,none
2784,アルフレッサ　ホールディングス,prime,卸売業,商社・卸売,mid400
2788,アップルインターナショナル,standard,卸売業,商社・卸売,none
2789,カルラ,standard,小売業,小売,none
278A,Ｔｅｒｒａ　Ｄｒｏｎｅ,growth,精密機器,電機・精密,none
2790,ナフコ,standard,小売業,小売,none
2791,大黒天物産,prime,小売業,小売,small1
2792,ハニーズホールディングス,prime,小売業,小売,small2
2795,日本プリメックス,standard,卸売業,商社・卸売,none
2796,ファーマライズホールディングス,standard,小売業,小売,none
2798,ワイズテーブルコーポレーション,standard,小売業,小売,none
2801,キッコーマン,prime,食料品,食品,mid400
2802,味の素,prime,食料品,食品,large70
2804,ブルドックソース,prime,食料品,食品,small2
2805,ヱスビー食品,standard,食料品,食品,none
2806,ユタカフーズ,standard,食料品,食品,none
2809,キユーピー,prime,食料品,食品,mid400
280A,ＴＭＨ,growth,卸売業,商社・卸売,none
2810,ハウス食品グループ本社,prime,食料品,食品,mid400
2811,カゴメ,prime,食料品,食品,mid400
2813,和弘食品,standard,食料品,食品,none
2814,佐藤食品工業,standard,食料品,食品,none
2815,アリアケジャパン,prime,食料品,食品,small1
2816,ダイショー,standard,食料品,食品,none
2818,ピエトロ,standard,食料品,食品,none
2819,エバラ食品工業,standard,食料品,食品,small2
281A,インフォメティス,growth,情報・通信業,情報通信・サービスその他,none
2820,やまみ,standard,食料品,食品,none
2831,はごろもフーズ,standard,食料品,食品,none
285A,キオクシアホールディングス,prime,電気機器,電機・精密,mid400
286A,ユカリア,growth,サービス業,情報通信・サービスその他,none
2871,ニチレイ,prime,食料品,食品,mid400
2872,セイヒョー,standard,食料品,食品,none
2874,横浜冷凍,prime,卸売業,商社・卸売,small1
2875,東洋水産,prime,食料品,食品,mid400
2876,デルソーレ,standard,食料品,食品,none
2877,日東ベスト,standard,食料品,食品,none
287A,黒田グループ,standard,卸売業,商社・卸売,none
2882,イートアンドホールディングス,prime,食料品,食品,small2
2883,大冷,standard,食料品,食品,none
2884,ヨシムラ・フード・ホールディングス,prime,食料品,食品,small2
288A,ラクサス・テクノロジーズ,growth,サービス業,情報通信・サービスその他,none
2892,日本食品化工,standard,食料品,食品,none
2894,石井食品,standard,食料品,食品,none
2897,日清食品ホールディングス,prime,食料品,食品,mid400
2901,ウェルディッシュ,standard,食料品,食品,none
2903,シノブフーズ,standard,食料品,食品,none
2904,一正蒲鉾,standard,食料品,食品,none
2907,あじかん,standard,食料品,食品,none
2908,フジッコ,prime,食料品,食品,small2
290A,Ｓｙｎｓｐｅｃｔｉｖｅ,growth,情報・通信業,情報通信・サービスその他,none
2910,ロック・フィールド,prime,食料品,食品,small2
2911,旭松食品,standard,食料品,食品,none
2914,日本たばこ産業,prime,食料品,食品,core30
2915,ケンコーマヨネーズ,prime,食料品,食品,small2
2916,仙波糖化工業,standard,食料品,食品,none
2917,大森屋,standard,食料品,食品,none
2918,わらべや日洋ホールディングス,prime,食料品,食品,small1
291A,リスキル,growth,サービス業,情報通信・サービスその他,none
2922,なとり,prime,食料品,食品,small2
2923,サトウ食品,standard,食料品,食品,none
2924,イフジ産業,standard,食料品,食品,none
2926,篠崎屋,standard,食料品,食品,none
2927,ＡＦＣ－ＨＤアムスライフサイエンス,standard,食料品,食品,none
2929,ファーマフーズ,prime,食料品,食品,small2
2930,北の達人コーポレーション,prime,化学,素材・化学,small2
2931,ユーグレナ,prime,食料品,食品,small1
2932,ＳＴＩフードホールディングス,standard,食料品,食品,none
2933,紀文食品,prime,食料品,食品,small2
2934,ジェイフロンティア,growth,食料品,食品,none
2935,ピックルスホールディングス,prime,食料品,食品,small2
2936,ベースフード,growth,食料品,食品,none
2937,サンクゼール,growth,食料品,食品,none
2938,オカムラ食品工業,standard,食料品,食品,none
2961,日本調理機,standard,金属製品,建設・資材,none
2962,テクニスコ,standard,金属製品,建設・資材,none
296A,令和アカウンティング・ホールディングス,growth,サービス業,情報通信・サービスその他,none
2970,ＧＬＣ　ＧＲＯＵＰ,standard,不動産業,不動産,none
2975,スター・マイカ・ホールディングス,prime,不動産業,不動産,small2
2978,ツクルバ,growth,不動産業,不動産,none
297A,アルピコホールディングス,standard,小売業,小売,none
2980,ＳＲＥホールディングス,prime,不動産業,不動産,small2
2981,ランディックス,growth,不動産業,不動産,none
2982,ＡＤワークスグループ,prime,不動産業,不動産,none
2983,アールプランナー,growth,不動産業,不動産,none
2984,ヤマイチエステート,standard,不動産業,不動産,none
2986,ＬＡホールディングス,growth,不動産業,不動産,none
298A,ＧＶＡ　ＴＥＣＨ,growth,情報・通信業,情報通信・サービスその他,none
2991,ランドネット,standard,不動産業,不動産,none
2993,長栄,standard,不動産業,不動産,none
2997,ストレージ王,growth,不動産業,不動産,none
2998,クリアル,growth,不動産業,不動産,none
2999,ホームポジション,standard,不動産業,不動産,none
299A,クラシル,growth,サービス業,情報通信・サービスその他,none
3001,片倉工業,standard,繊維製品,素材・化学,small2
3002,グンゼ,prime,繊維製品,素材・化学,small1
3003,ヒューリック,prime,不動産業,不動産,mid400
3004,神栄,standard,卸売業,商社・卸売,none
300A,ＭＩＣ,standard,サービス業,情報通信・サービスその他,none
3010,ポラリス・ホールディングス,standard,サービス業,情報通信・サービスその他,none
3011,バナーズ,standard,小売業,小売,none
3020,アプライド,standard,小売業,小売,none
3021,パシフィックネット,standard,サービス業,情報通信・サービスその他,none
3023,ラサ商事,standard,卸売業,商社・卸売,small2
3024,クリエイト,standard,卸売業,商社・卸売,none
3028,アルペン,prime,小売業,小売,small1
302A,ビースタイルホールディングス,growth,サービス業,情報通信・サービスその他,none
3030,ハブ,standard,小売業,小売,none
3031,ラクーンホールディングス,prime,情報・通信業,情報通信・サービスその他,small2
3034,クオールホールディングス,prime,小売業,小売,small1
3035,ケイティケイ,standard,卸売業,商社・卸売,none
3036,アルコニックス,prime,卸売業,商社・卸売,small1
3038,神戸物産,prime,卸売業,商社・卸売,mid400
303A,ｖｉｓｕｍｏ,growth,情報・通信業,情報通信・サービスその他,none
3040,ソリトンシステムズ,prime,情報・通信業,情報通信・サービスその他,small2
3041,ビューティカダンホールディングス,standard,卸売業,商社・卸売,none
3042,セキュアヴェイル,standard,情報・通信業,情報通信・サービスその他,none
3045,カワサキ,standard,卸売業,商社・卸売,none
3046,ジンズホールディングス,prime,小売業,小売,small1
3048,ビックカメラ,prime,小売業,小売,mid400
304A,フォルシア,growth,情報・通信業,情報通信・サービスその他,none
3050,ＤＣＭホールディングス,prime,小売業,小売,small1
3053,ペッパーフードサービス,standard,小売業,小売,small2
3054,ハイパー,standard,卸売業,商社・卸売,none
3058,三洋堂ホールディングス,standard,小売業,小売,none
3059,ヒラキ,standard,小売業,小売,none
3063,ジェイグループホールディングス,growth,小売業,小売,none
3064,ＭｏｎｏｔａＲＯ,prime,小売業,小売,mid400
3065,ライフフーズ,standard,小売業,小売,none
3067,東京一番フーズ,standard,小売業,小売,none
3068,ＷＤＩ,standard,小売業,小売,none
3069,ＪＦＬＡホールディングス,standard,食料品,食品,none
3070,ジェリービーンズグループ,growth,卸売業,商社・卸売,none
3071,ストリーム,standard,小売業,小売,none
3075,銚子丸,standard,小売業,小売,none
3076,あい　ホールディングス,prime,卸売業,商社・卸売,small1
3077,ホリイフードサービス,standard,小売業,小売,none
3079,ディーブイエックス,standard,卸売業,商社・卸売,none
3080,ジェーソン,standard,小売業,小売,none
3082,きちりホールディングス,standard,小売業,小売,none
3083,スターシーズ,standard,小売業,小売,none
3086,Ｊ．フロント　リテイリング,prime,小売業,小売,mid400
3087,ドトール・日レスホールディングス,prime,小売業,小売,small1
3088,マツキヨココカラ＆カンパニー,prime,小売業,小売,mid400
3089,テクノアルファ,standard,卸売業,商社・卸売,none
3091,ブロンコビリー,prime,小売業,小売,small1
3092,ＺＯＺＯ,prime,小売業,小売,mid400
3093,トレジャー・ファクトリー,prime,小売業,小売,small2
3096,オーシャンシステム,standard,小売業,小売,none
3097,物語コーポレーション,prime,小売業,小売,small1
3099,三越伊勢丹ホールディングス,prime,小売業,小売,mid400
3101,東洋紡,prime,化学,素材・化学,small1
3103,ユニチカ,standard,繊維製品,素材・化学,small2
3104,富士紡ホールディングス,prime,繊維製品,素材・化学,small2
3105,日清紡ホールディングス,prime,電気機器,電機・精密,mid400
3106,倉敷紡績,prime,繊維製品,素材・化学,small1
3107,ダイワボウホールディングス,prime,卸売業,商社・卸売,mid400
3109,シキボウ,prime,繊維製品,素材・化学,small2
3110,日東紡績,prime,ガラス・土石製品,建設・資材,small1
3111,オーミケンシ,standard,繊維製品,素材・化学,none
3113,ＵＮＩＶＡ・Ｏａｋホールディングス,standard,証券、商品先物取引業,金融（除く銀行）,none
3116,トヨタ紡織,prime,輸送用機器,自動車・輸送機,mid400
3121,マーチャント・バンカーズ,standard,サービス業,情報通信・サービスその他,none
3123,サイボー,standard,繊維製品,素材・化学,none
3131,シンデン・ハイテックス,standard,卸売業,商社・卸売,none
3132,マクニカホールディングス,prime,卸売業,商社・卸売,mid400
3133,海帆,growth,小売業,小売,none
3134,Ｈａｍｅｅ,standard,小売業,小売,small2
3135,マーケットエンタープライズ,standard,小売業,小売,none
3137,ファンデリー,standard,小売業,小売,none
3138,富士山マガジンサービス,standard,小売業,小売,none
3139,ラクト・ジャパン,prime,卸売業,商社・卸売,small2
3140,ＢＲＵＮＯ,growth,卸売業,商社・卸売,none
3143,オーウイル,standard,卸売業,商社・卸売,none
3148,クリエイトＳＤホールディングス,prime,小売業,小売,small1
3150,グリムス,prime,電気・ガス業,電力・ガス,small2
3151,バイタルケーエスケー・ホールディングス,prime,卸売業,商社・卸売,small2
3153,八洲電機,prime,卸売業,商社・卸売,small2
3154,メディアスホールディングス,prime,卸売業,商社・卸売,small2
3156,レスター,prime,卸売業,商社・卸売,small2
3157,ジオリーブグループ,standard,卸売業,商社・卸売,none
3159,丸善ＣＨＩホールディングス,standard,小売業,小売,none
3160,大光,standard,卸売業,商社・卸売,none
3161,アゼアス,standard,卸売業,商社・卸売,none
3166,ＯＣＨＩホールディングス,standard,卸売業,商社・卸売,none
3167,ＴＯＫＡＩホールディングス,prime,卸売業,商社・卸売,small1
3168,ＭＥＲＦ,standard,卸売業,商社・卸売,none
3169,ミサワ,standard,小売業,小売,none
3172,ティーライフ,standard,小売業,小売,none
3173,Ｃｏｍｉｎｉｘ,standard,卸売業,商社・卸売,none
3174,ハピネス・アンド・ディ,standard,小売業,小売,none
3175,エー・ピーホールディングス,standard,小売業,小売,none
3176,三洋貿易,prime,卸売業,商社・卸売,small2
3177,ありがとうサービス,standard,小売業,小売,none
3178,チムニー,standard,小売業,小売,none
3179,シュッピン,prime,小売業,小売,small2
3180,ビューティガレージ,prime,卸売業,商社・卸売,small2
3181,買取王国,standard,小売業,小売,none
3182,オイシックス,prime,小売業,小売,small1
3183,ウイン・パートナーズ,prime,卸売業,商社・卸売,small2
3184,ＩＣＤＡホールディングス,standard,小売業,小売,none
3185,夢展望,growth,小売業,小売,none
3186,ネクステージ,prime,小売業,小売,small1
3187,ミラタップ,growth,小売業,小売,none
3189,ＡＮＡＰホールディングス,standard,小売業,小売,none
3190,ホットマン,standard,小売業,小売,none
3191,ジョイフル本田,prime,小売業,小売,small1
3192,白鳩,standard,小売業,小売,none
3193,エターナルホスピタリティグループ,prime,小売業,小売,small2
3195,ジェネレーションパス,standard,小売業,小売,none
3196,ホットランドホールディングス,prime,小売業,小売,small2
3197,すかいらーくホールディングス,prime,小売業,小売,mid400
3199,綿半ホールディングス,prime,小売業,小売,small2
319A,技術承継機構,growth,金属製品,建設・資材,none
3201,日本毛織,prime,繊維製品,素材・化学,small1
3202,ダイトウボウ,standard,繊維製品,素材・化学,none
3204,トーア紡コーポレーション,standard,繊維製品,素材・化学,none
3205,ダイドーリミテッド,standard,繊維製品,素材・化学,none
3221,ヨシックスホールディングス,prime,小売業,小売,small2
3222,ユナイテッド・スーパーマーケット・ホールディングス,standard,小売業,小売,small1
3223,エスエルディー,standard,小売業,小売,none
3224,ゼネラル・オイスター,growth,小売業,小売,none
3231,野村不動産ホールディングス,prime,不動産業,不動産,mid400
3232,三重交通グループホールディングス,prime,不動産業,不動産,small2
3236,プロパスト,standard,不動産業,不動産,none
3237,イントランス,growth,不動産業,不動産,none
3238,セントラル総合開発,standard,不動産業,不動産,none
323A,フライヤー,growth,情報・通信業,情報通信・サービスその他,none
3241,ウィル,standard,不動産業,不動産,none
3242,アーバネットコーポレーション,standard,不動産業,不動産,none
3245,ディア・ライフ,prime,不動産業,不動産,small2
3246,コーセーアールイー,standard,不動産業,不動産,none
3248,アールエイジ,standard,不動産業,不動産,none
324A,ブッキングリゾート,growth,サービス業,情報通信・サービスその他,none
3252,地主,prime,不動産業,不動産,small2
325A,ＴＥＮＴＩＡＬ,growth,繊維製品,素材・化学,none
3261,グランディーズ,growth,不動産業,不動産,none
3266,ファンドクリエーショングループ,standard,不動産業,不動産,none
3267,フィル・カンパニー,standard,建設業,建設・資材,small2
3276,ＪＰＭＣ,prime,不動産業,不動産,small2
3277,サンセイランディック,standard,不動産業,不動産,none
3280,エストラスト,standard,不動産業,不動産,none
3284,フージャースホールディングス,prime,不動産業,不動産,small2
3286,トラストホールディングス,standard,不動産業,不動産,none
3288,オープンハウスグループ,prime,不動産業,不動産,mid400
3289,東急不動産ホールディングス,prime,不動産業,不動産,mid400
3291,飯田グループホールディングス,prime,不動産業,不動産,mid400
3293,アズマハウス,standard,不動産業,不動産,none
3297,東武住販,standard,不動産業,不動産,none
3299,ムゲンエステート,standard,不動産業,不動産,none
3300,アンビション　ＤＸ　ホールディングス,growth,不動産業,不動産,none
3302,帝国繊維,prime,繊維製品,素材・化学,small2
3306,日本製麻,standard,卸売業,商社・卸売,none
330A,ＴａｌｅｎｔＸ,growth,情報・通信業,情報通信・サービスその他,none
3315,日本コークス工業,prime,石油・石炭製品,エネルギー資源,small2
3317,フライングガーデン,standard,小売業,小売,none
331A,メディックス,standard,サービス業,情報通信・サービスその他,none
3320,クロスプラス,standard,卸売業,商社・卸売,none
3321,ミタチ産業,standard,卸売業,商社・卸売,none
3323,レカム,standard,卸売業,商社・卸売,none
3326,ランシステム,standard,サービス業,情報通信・サービスその他,none
3329,東和フードサービス,standard,小売業,小売,none
332A,ミーク,growth,情報・通信業,情報通信・サービスその他,none
3333,あさひ,prime,小売業,小売,small2
3349,コスモス薬品,prime,小売業,小売,mid400
334A,ビジュアル・プロセッシング・ジャパン,growth,情報・通信業,情報通信・サービスその他,none
3350,メタプラネット,standard,卸売業,商社・卸売,none
3352,バッファロー,standard,小売業,小売,none
3353,メディカル一光グループ,standard,小売業,小売,none
3355,クリヤマホールディングス,standard,卸売業,商社・卸売,none
3358,Ｔｒａｉｌｈｅａｄ　Ｇｌｏｂａｌ　Ｈｏｌｄｉｎｇｓ,standard,小売業,小売,none
3359,ｃｏｔｔａ,growth,卸売業,商社・卸売,none
335A,ミライロ,growth,情報・通信業,情報通信・サービスその他,none
3360,シップヘルスケアホールディングス,prime,卸売業,商社・卸売,mid400
3361,トーエル,standard,小売業,小売,none
336A,ダイナミックマッププラットフォーム,growth,情報・通信業,情報通信・サービスその他,none
3370,フジタコーポレーション,standard,小売業,小売,none
3371,ソフトクリエイトホールディングス,prime,情報・通信業,情報通信・サービスその他,small2
3372,関門海,standard,小売業,小売,none
3374,内外テック,standard,卸売業,商社・卸売,none
3375,ＺＯＡ,standard,小売業,小売,none
3377,バイク王＆カンパニー,standard,卸売業,商社・卸売,none
3382,セブン＆アイ・ホールディングス,prime,小売業,小売,core30
3386,コスモ・バイオ,standard,卸売業,商社・卸売,none
3387,クリエイト・レストランツ・ホールディングス,prime,小売業,小売,small1
3388,明治電機工業,prime,卸売業,商社・卸売,small2
338A,ＺｅｎｍｕＴｅｃｈ,growth,情報・通信業,情報通信・サービスその他,none
3391,ツルハホールディングス,prime,小売業,小売,mid400
3392,デリカフーズホールディングス,standard,卸売業,商社・卸売,none
3393,スターティアホールディングス,prime,卸売業,商社・卸売,none
3395,サンマルクホールディングス,prime,小売業,小売,small1
3396,フェリシモ,standard,小売業,小売,none
3397,トリドールホールディングス,prime,小売業,小売,mid400
3399,丸千代山岡家,standard,小売業,小売,none
339A,プログレス・テクノロジーズ　グループ,growth,サービス業,情報通信・サービスその他,none
3401,帝人,prime,繊維製品,素材・化学,mid400
3402,東レ,prime,繊維製品,素材・化学,mid400
3405,クラレ,prime,化学,素材・化学,mid400
3407,旭化成,prime,化学,素材・化学,large70
3409,北紡,standard,繊維製品,素材・化学,none
340A,ジグザグ,growth,情報・通信業,情報通信・サービスその他,none
3415,ＴＯＫＹＯ　ＢＡＳＥ,prime,小売業,小売,small2
3416,ピクスタ,standard,小売業,小売,none
3417,大木ヘルスケアホールディングス,standard,卸売業,商社・卸売,none
3418,バルニバービ,growth,小売業,小売,none
341A,トヨコー,growth,建設業,建設・資材,none
3420,ケー・エフ・シー,standard,金属製品,建設・資材,none
3421,稲葉製作所,standard,金属製品,建設・資材,small2
3422,Ｊ－ＭＡＸ,standard,金属製品,建設・資材,none
3423,エスイー,standard,金属製品,建設・資材,none
3426,アトムリビンテック,standard,金属製品,建設・資材,none
3431,宮地エンジニアリンググループ,prime,金属製品,建設・資材,small1
3433,トーカロ,prime,金属製品,建設・資材,small1
3434,アルファＣｏ,standard,金属製品,建設・資材,none
3435,サンコーテクノ,standard,金属製品,建設・資材,none
3436,ＳＵＭＣＯ,prime,金属製品,建設・資材,mid400
3437,特殊電極,standard,金属製品,建設・資材,none
3439,三ツ知,standard,金属製品,建設・資材,none
343A,ＩＡＣＥトラベル,standard,サービス業,情報通信・サービスその他,none
3440,日創グループ,standard,金属製品,建設・資材,none
3441,山王,standard,金属製品,建設・資材,none
3443,川田テクノロジーズ,prime,金属製品,建設・資材,small2
3444,菊池製作所,standard,金属製品,建設・資材,none
3445,ＲＳ　Ｔｅｃｈｎｏｌｏｇｉｅｓ,prime,金属製品,建設・資材,small1
3446,ジェイテックコーポレーション,standard,金属製品,建設・資材,none
3447,信和,standard,金属製品,建設・資材,none
3449,テクノフレックス,standard,金属製品,建設・資材,none
3452,ビーロット,standard,不動産業,不動産,none
3454,ファーストブラザーズ,standard,不動産業,不動産,none
3457,Ａｎｄ　Ｄｏホールディングス,prime,不動産業,不動産,small2
3461,パルマ,standard,不動産業,不動産,none
3465,ケイアイスター不動産,prime,不動産業,不動産,small1
3467,アグレ都市デザイン,standard,不動産業,不動産,none
3469,デュアルタップ,standard,不動産業,不動産,none
3474,Ｇ－ＦＡＣＴＯＲＹ,growth,不動産業,不動産,none
3475,グッドコムアセット,prime,不動産業,不動産,small2
3477,フォーライフ,growth,不動産業,不動産,none
3479,ＴＫＰ,growth,不動産業,不動産,none
3480,ジェイ・エス・ビー,prime,不動産業,不動産,small2
3482,ロードスターキャピタル,prime,不動産業,不動産,small2
3484,イノベーションホールディングス,standard,不動産業,不動産,none
3486,グローバル・リンク・マネジメント,prime,不動産業,不動産,none
3489,フェイスネットワーク,standard,不動産業,不動産,none
3490,アズ企画設計,standard,不動産業,不動産,none
3491,ＧＡ　ｔｅｃｈｎｏｌｏｇｉｅｓ,growth,不動産業,不動産,none
3494,マリオン,standard,不動産業,不動産,none
3495,香陵住販,standard,不動産業,不動産,none
3496,アズーム,prime,不動産業,不動産,small2
3498,霞ヶ関キャピタル,prime,不動産業,不動産,small1
3501,ＳＵＭＩＮＯＥ,prime,繊維製品,素材・化学,none
350A,デジタルグリッド,growth,電気・ガス業,電力・ガス,none
3512,日本フエルト,standard,繊維製品,素材・化学,none
3513,イチカワ,standard,繊維製品,素材・化学,none
3521,テルマー湯ホールディングス,standard,サービス業,情報通信・サービスその他,none
3524,日東製網,standard,繊維製品,素材・化学,none
3529,アツギ,standard,繊維製品,素材・化学,none
352A,ＬＯＩＶＥ,growth,サービス業,情報通信・サービスその他,none
3536,アクサスホールディングス,standard,小売業,小売,none
3537,昭栄薬品,standard,卸売業,商社・卸売,none
3538,ウイルプラスホールディングス,standard,小売業,小売,none
3539,ＪＭホールディングス,prime,小売業,小売,small2
3542,ベガコーポレーション,growth,小売業,小売,none
3543,コメダホールディングス,prime,卸売業,商社・卸売,small1
3544,サツドラホールディングス,standard,小売業,小売,none
3547,ユニシアホールディングス,standard,小売業,小売,small2
3548,バロックジャパンリミテッド,prime,小売業,小売,small2
3549,クスリのアオキホールディングス,standard,小売業,小売,mid400
3550,スタジオアタオ,growth,小売業,小売,none
3551,ダイニック,standard,繊維製品,素材・化学,none
3553,共和レザー,standard,化学,素材・化学,none
3556,リネットジャパングループ,growth,小売業,小売,none
3557,ユナイテッド＆コレクティブ,growth,小売業,小売,none
3558,ジェイドグループ,growth,小売業,小売,none
3559,ピーバンドットコム,standard,卸売業,商社・卸売,none
3560,ほぼ日,standard,小売業,小売,none
3561,力の源ホールディングス,prime,小売業,小売,small2
3562,Ｎｏ．１,standard,卸売業,商社・卸売,none
3563,ＦＯＯＤ　＆　ＬＩＦＥ　ＣＯＭＰＡＮＩＥＳ,prime,小売業,小売,mid400
3565,アセンテック,standard,卸売業,商社・卸売,small2
3566,ユニフォームネクスト,growth,小売業,小売,none
3569,セーレン,prime,繊維製品,素材・化学,small1
3571,ソトー,standard,繊維製品,素材・化学,none
3577,東海染工,standard,繊維製品,素材・化学,none
3580,小松マテーレ,prime,繊維製品,素材・化学,small2
3583,オーベクス,standard,繊維製品,素材・化学,none
3591,ワコールホールディングス,prime,繊維製品,素材・化学,mid400
3597,自重堂,standard,繊維製品,素材・化学,none
3598,山喜,standard,繊維製品,素材・化学,none
3600,フジックス,standard,繊維製品,素材・化学,none
3607,クラウディアホールディングス,standard,繊維製品,素材・化学,none
3608,ＴＳＩホールディングス,prime,繊維製品,素材・化学,small1
3611,マツオカコーポレーション,standard,繊維製品,素材・化学,none
3612,ワールド,prime,繊維製品,素材・化学,small1
3622,ネットイヤーグループ,standard,情報・通信業,情報通信・サービスその他,none
3623,ビリングシステム,growth,情報・通信業,情報通信・サービスその他,none
3624,アクセルマーク,growth,情報・通信業,情報通信・サービスその他,none
3625,テックファームホールディングス,growth,情報・通信業,情報通信・サービスその他,none
3626,ＴＩＳＩ,prime,情報・通信業,情報通信・サービスその他,mid400
3627,テクミラホールディングス,standard,情報・通信業,情報通信・サービスその他,none
3628,データホライゾン,growth,情報・通信業,情報通信・サービスその他,none
3632,グリーホールディングス,prime,情報・通信業,情報通信・サービスその他,small2
3633,ＧＭＯペパボ,standard,情報・通信業,情報通信・サービスその他,small2
3634,ソケッツ,standard,情報・通信業,情報通信・サービスその他,none
3635,コーエーテクモホールディングス,prime,情報・通信業,情報通信・サービスその他,mid400
3636,三菱総合研究所,prime,情報・通信業,情報通信・サービスその他,small1
3639,ボルテージ,standard,情報・通信業,情報通信・サービスその他,none
3640,電算,standard,情報・通信業,情報通信・サービスその他,none
3641,パピレス,standard,情報・通信業,情報通信・サービスその他,none
3645,メディカルネット,growth,情報・通信業,情報通信・サービスその他,none
3646,駅探,standard,情報・通信業,情報通信・サービスその他,none
3647,アスリナ,standard,情報・通信業,情報通信・サービスその他,none
3648,ＡＧＳ,standard,情報・通信業,情報通信・サービスその他,none
3649,ファインデックス,prime,情報・通信業,情報通信・サービスその他,small2
3652,ディジタルメディアプロフェッショナル,growth,情報・通信業,情報通信・サービスその他,none
3653,モルフォ,growth,情報・通信業,情報通信・サービスその他,none
3656,ＫＬａｂ,prime,情報・通信業,情報通信・サービスその他,small2
3657,ポールトゥウィンホールディングス,prime,情報・通信業,情報通信・サービスその他,small2
3659,ネクソン,prime,情報・通信業,情報通信・サービスその他,mid400
365A,伊澤タオル,standard,繊維製品,素材・化学,none
3660,アイスタイル,prime,情報・通信業,情報通信・サービスその他,small1
3661,エムアップホールディングス,prime,情報・通信業,情報通信・サービスその他,small1
3662,エイチームホールディングス,prime,情報・通信業,情報通信・サービスその他,small2
3663,セルシス,prime,情報・通信業,情報通信・サービスその他,small2
3664,ＷＩＺＥ,growth,情報・通信業,情報通信・サービスその他,none
3665,エニグモ,prime,情報・通信業,情報通信・サービスその他,small2
3667,ｅｎｉｓｈ,standard,情報・通信業,情報通信・サービスその他,none
3668,コロプラ,prime,情報・通信業,情報通信・サービスその他,small1
366A,ウェルネス・コミュニケーションズ,growth,サービス業,情報通信・サービスその他,none
3670,協立情報通信,standard,情報・通信業,情報通信・サービスその他,none
3671,ソフトマックス,standard,情報・通信業,情報通信・サービスその他,none
3672,オルトプラス,standard,情報・通信業,情報通信・サービスその他,none
3673,ブロードリーフ,prime,情報・通信業,情報通信・サービスその他,small1
3674,オークファン,growth,情報・通信業,情報通信・サービスその他,none
3675,クロス・マーケティンググループ,standard,情報・通信業,情報通信・サービスその他,none
3676,デジタルハーツホールディングス,prime,情報・通信業,情報通信・サービスその他,small2
3678,メディアドゥ,prime,情報・通信業,情報通信・サービスその他,small2
3679,じげん,prime,情報・通信業,情報通信・サービスその他,small2
367A,プリモグローバルホールディングス,standard,小売業,小売,none
3680,ホットリンク,growth,情報・通信業,情報通信・サービスその他,none
3682,エンカレッジ・テクノロジ,standard,情報・通信業,情報通信・サービスその他,none
3683,サイバーリンクス,standard,情報・通信業,情報通信・サービスその他,none
3686,ディー・エル・イー,standard,情報・通信業,情報通信・サービスその他,none
3687,フィックスターズ,prime,情報・通信業,情報通信・サービスその他,small2
368A,北里,prime,精密機器,電機・精密,small2
3690,イルグルム,standard,情報・通信業,情報通信・サービスその他,none
3691,デジタルプラス,growth,情報・通信業,情報通信・サービスその他,none
3692,ＦＦＲＩセキュリティ,growth,情報・通信業,情報通信・サービスその他,none
3694,オプティム,prime,情報・通信業,情報通信・サービスその他,small2
3695,ＧＭＯプロダクトプラットフォーム,growth,情報・通信業,情報通信・サービスその他,none
3696,セレス,prime,情報・通信業,情報通信・サービスその他,small2
3697,ＳＨＩＦＴ,prime,情報・通信業,情報通信・サービスその他,mid400
3698,ＣＲＩ・ミドルウェア,standard,情報・通信業,情報通信・サービスその他,none
369A,エータイ,growth,サービス業,情報通信・サービスその他,none
3708,特種東海製紙,prime,パルプ・紙,素材・化学,small2
3710,ジョルダン,standard,情報・通信業,情報通信・サービスその他,none
3712,情報企画,standard,情報・通信業,情報通信・サービスその他,none
3719,ＡＩストーム,standard,情報・通信業,情報通信・サービスその他,none
3723,日本ファルコム,growth,情報・通信業,情報通信・サービスその他,none
3726,フォーシーズＨＤ,standard,小売業,小売,none
3727,アプリックス,growth,情報・通信業,情報通信・サービスその他,none
372A,レント,standard,サービス業,情報通信・サービスその他,none
3733,ソフトウェア・サービス,standard,情報・通信業,情報通信・サービスその他,none
373A,リップス,growth,化学,素材・化学,none
3741,セック,prime,情報・通信業,情報通信・サービスその他,small2
3744,サイオス,standard,情報・通信業,情報通信・サービスその他,none
3747,インタートレード,standard,情報・通信業,情報通信・サービスその他,none
3750,ＡＤＲバイオメディカルホールディングス,standard,情報・通信業,情報通信・サービスその他,none
3753,フライトソリューションズ,standard,情報・通信業,情報通信・サービスその他,none
3758,アエリア,standard,情報・通信業,情報通信・サービスその他,none
3760,ケイブ,standard,情報・通信業,情報通信・サービスその他,none
3762,テクマトリックス,prime,情報・通信業,情報通信・サービスその他,small1
3763,プロシップ,prime,情報・通信業,情報通信・サービスその他,small2
3765,ガンホー・オンライン・エンターテイメント,prime,情報・通信業,情報通信・サービスその他,small1
3766,システムズ・デザイン,standard,情報・通信業,情報通信・サービスその他,none
3768,リスクモンスター,standard,情報・通信業,情報通信・サービスその他,none
3769,ＧＭＯペイメントゲートウェイ,prime,情報・通信業,情報通信・サービスその他,mid400
3771,システムリサーチ,prime,情報・通信業,情報通信・サービスその他,small2
3772,ウェルス・マネジメント,standard,不動産業,不動産,none
3773,アドバンスト・メディア,growth,情報・通信業,情報通信・サービスその他,none
3774,インターネットイニシアティブ,prime,情報・通信業,情報通信・サービスその他,mid400
3776,ブロードバンドタワー,standard,情報・通信業,情報通信・サービスその他,none
3777,環境フレンドリーホールディングス,growth,情報・通信業,情報通信・サービスその他,none
3778,さくらインターネット,prime,情報・通信業,情報通信・サービスその他,small1
3779,ジェイ・エスコムホールディングス,standard,情報・通信業,情報通信・サービスその他,none
3787,テクノマセマティカル,standard,情報・通信業,情報通信・サービスその他,none
3788,ＧＭＯグローバルサイン・ホールディングス,prime,情報・通信業,情報通信・サービスその他,small2
378A,ヒット,growth,サービス業,情報通信・サービスその他,none
3791,ＩＧポート,standard,情報・通信業,情報通信・サービスその他,none
3793,ドリコム,growth,情報・通信業,情報通信・サービスその他,none
3796,いい生活,standard,情報・通信業,情報通信・サービスその他,none
3798,ＵＬＳグループ,standard,情報・通信業,情報通信・サービスその他,none
3799,キーウェアソリューションズ,standard,情報・通信業,情報通信・サービスその他,none
3800,ユニリタ,standard,情報・通信業,情報通信・サービスその他,none
3802,エコミック,standard,情報・通信業,情報通信・サービスその他,none
3803,イメージ情報開発,growth,情報・通信業,情報通信・サービスその他,none
3804,システム　ディ,standard,情報・通信業,情報通信・サービスその他,none
3807,フィスコ,growth,情報・通信業,情報通信・サービスその他,none
3810,サイバーステップホールディングス,standard,情報・通信業,情報通信・サービスその他,none
3815,メディア工房,growth,情報・通信業,情報通信・サービスその他,none
3816,大和コンピューター,standard,情報・通信業,情報通信・サービスその他,none
3817,ＳＲＡホールディングス,prime,情報・通信業,情報通信・サービスその他,small2
3823,ＴＨＥ　ＷＨＹ　ＨＯＷ　ＤＯ　ＣＯＭＰＡＮＹ,standard,情報・通信業,情報通信・サービスその他,none
3825,リミックスポイント,standard,小売業,小売,none
3826,システムインテグレータ,standard,情報・通信業,情報通信・サービスその他,none
3834,朝日ネット,prime,情報・通信業,情報通信・サービスその他,small2
3835,ｅＢＡＳＥ,prime,情報・通信業,情報通信・サービスその他,small2
3836,アバントグループ,prime,情報・通信業,情報通信・サービスその他,small2
3837,アドソル日進,prime,情報・通信業,情報通信・サービスその他,small2
3839,ＯＤＫソリューションズ,standard,情報・通信業,情報通信・サービスその他,none
3840,パス,standard,情報・通信業,情報通信・サービスその他,none
3841,ジーダット,standard,情報・通信業,情報通信・サービスその他,none
3842,ネクストジェン,standard,情報・通信業,情報通信・サービスその他,none
3843,フリービット,prime,情報・通信業,情報通信・サービスその他,small2
3844,コムチュア,prime,情報・通信業,情報通信・サービスその他,small1
3845,アイフリークモバイル,standard,情報・通信業,情報通信・サービスその他,none
3848,データ・アプリケーション,standard,情報・通信業,情報通信・サービスその他,none
3850,エヌ・ティ・ティ・データ・イントラマート,standard,情報・通信業,情報通信・サービスその他,none
3851,日本一ソフトウェア,standard,情報・通信業,情報通信・サービスその他,none
3853,アステリア,prime,情報・通信業,情報通信・サービスその他,small2
3854,アイル,prime,情報・通信業,情報通信・サービスその他,small2
3856,Ａｂａｌａｎｃｅ,standard,電気機器,電機・精密,none
3858,ユビキタスＡＩ,standard,情報・通信業,情報通信・サービスその他,none
3861,王子ホールディングス,prime,パルプ・紙,素材・化学,mid400
3863,日本製紙,prime,パルプ・紙,素材・化学,small1
3864,三菱製紙,prime,パルプ・紙,素材・化学,none
3865,北越コーポレーション,prime,パルプ・紙,素材・化学,small1
386A,みのや,standard,小売業,小売,none
3877,中越パルプ工業,prime,パルプ・紙,素材・化学,none
3878,巴川コーポレーション,standard,化学,素材・化学,none
387A,フラー,growth,情報・通信業,情報通信・サービスその他,none
3880,大王製紙,prime,パルプ・紙,素材・化学,small1
3891,ニッポン高度紙工業,standard,パルプ・紙,素材・化学,none
3892,岡山製紙,standard,パルプ・紙,素材・化学,none
3895,ハビックス,standard,パルプ・紙,素材・化学,none
3896,阿波製紙,standard,パルプ・紙,素材・化学,none
3900,クラウドワークス,growth,情報・通信業,情報通信・サービスその他,none
3901,マークラインズ,prime,情報・通信業,情報通信・サービスその他,small2
3903,ｇｕｍｉ,prime,情報・通信業,情報通信・サービスその他,small2
3904,カヤック,growth,情報・通信業,情報通信・サービスその他,none
3905,データセクション,growth,情報・通信業,情報通信・サービスその他,none
3907,シリコンスタジオ,standard,情報・通信業,情報通信・サービスその他,none
3908,コラボス,standard,情報・通信業,情報通信・サービスその他,none
3909,ショーケース,standard,情報・通信業,情報通信・サービスその他,none
3910,エムケイシステム,standard,情報・通信業,情報通信・サービスその他,none
3911,Ａｉｍｉｎｇ,growth,情報・通信業,情報通信・サービスその他,none
3912,モバイルファクトリー,standard,情報・通信業,情報通信・サービスその他,none
3913,ＧｒｅｅｎＢｅｅ,standard,情報・通信業,情報通信・サービスその他,none
3914,ＪＩＧ－ＳＡＷ,growth,情報・通信業,情報通信・サービスその他,none
3915,テラスカイ,prime,情報・通信業,情報通信・サービスその他,small2
3916,デジタル・インフォメーション・テクノロジー,prime,情報・通信業,情報通信・サービスその他,small2
3917,アイリッジ,growth,情報・通信業,情報通信・サービスその他,none
3918,ＰＣＩホールディングス,standard,情報・通信業,情報通信・サービスその他,none
3920,アイビーシー,standard,情報・通信業,情報通信・サービスその他,none
3921,ネオジャパン,prime,情報・通信業,情報通信・サービスその他,small2
3922,ＰＲ　ＴＩＭＥＳ,prime,情報・通信業,情報通信・サービスその他,small2
3923,ラクス,prime,情報・通信業,情報通信・サービスその他,mid400
3925,ダブルスタンダード,prime,情報・通信業,情報通信・サービスその他,small2
3926,オープンドア,standard,情報・通信業,情報通信・サービスその他,small2
3927,フーバーブレイン,standard,情報・通信業,情報通信・サービスその他,none
3928,マイネット,standard,情報・通信業,情報通信・サービスその他,none
3929,ソーシャルワイヤー,growth,情報・通信業,情報通信・サービスその他,none
3930,はてな,growth,情報・通信業,情報通信・サービスその他,none
3931,バリューゴルフ,growth,情報・通信業,情報通信・サービスその他,none
3932,アカツキ,prime,情報・通信業,情報通信・サービスその他,small2
3933,チエル,standard,情報・通信業,情報通信・サービスその他,none
3934,ベネフィットジャパン,standard,情報・通信業,情報通信・サービスその他,none
3935,エディア,standard,情報・通信業,情報通信・サービスその他,none
3936,グローバルウェイ,growth,情報・通信業,情報通信・サービスその他,none
3937,Ｕｂｉｃｏｍホールディングス,standard,情報・通信業,情報通信・サービスその他,small2
3939,カナミックネットワーク,prime,情報・通信業,情報通信・サービスその他,small2
3940,ノムラシステムコーポレーション,standard,情報・通信業,情報通信・サービスその他,none
3941,レンゴー,prime,パルプ・紙,素材・化学,mid400
3943,大石産業,standard,パルプ・紙,素材・化学,none
3944,古林紙工,standard,パルプ・紙,素材・化学,none
3945,スーパーバッグ,standard,パルプ・紙,素材・化学,none
3946,トーモク,prime,パルプ・紙,素材・化学,small2
3947,ダイナパック,standard,パルプ・紙,素材・化学,none
3948,光ビジネスフォーム,standard,パルプ・紙,素材・化学,none
3950,ザ・パック,prime,パルプ・紙,素材・化学,small2
3951,朝日印刷,standard,パルプ・紙,素材・化学,none
3953,大村紙業,standard,パルプ・紙,素材・化学,none
3954,昭和パックス,standard,パルプ・紙,素材・化学,none
3955,イムラ,standard,パルプ・紙,素材・化学,none
3958,笹徳印刷,standard,パルプ・紙,素材・化学,none
3962,チェンジホールディングス,prime,情報・通信業,情報通信・サービスその他,small1
3963,シンクロ・フード,prime,情報・通信業,情報通信・サービスその他,none
3964,オークネット,prime,情報・通信業,情報通信・サービスその他,small2
3965,キャピタル・アセット・プランニング,standard,情報・通信業,情報通信・サービスその他,none
3967,エルテス,growth,情報・通信業,情報通信・サービスその他,none
3968,セグエグループ,prime,情報・通信業,情報通信・サービスその他,none
3969,エイトレッド,standard,情報・通信業,情報通信・サービスその他,none
3970,イノベーション,standard,情報・通信業,情報通信・サービスその他,none
3974,ＳＣＡＴ,standard,情報・通信業,情報通信・サービスその他,none
3976,シャノン,growth,情報・通信業,情報通信・サービスその他,none
3979,うるる,growth,情報・通信業,情報通信・サービスその他,none
3981,ビーグリー,standard,情報・通信業,情報通信・サービスその他,none
3983,オロ,prime,情報・通信業,情報通信・サービスその他,small2
3984,ユーザーローカル,prime,情報・通信業,情報通信・サービスその他,small2
3985,テモナ,standard,情報・通信業,情報通信・サービスその他,none
3986,ビーブレイクシステムズ,standard,情報・通信業,情報通信・サービスその他,none
3987,エコモット,growth,情報・通信業,情報通信・サービスその他,none
3988,ＳＹＳホールディングス,standard,情報・通信業,情報通信・サービスその他,none
3989,シェアリングテクノロジー,growth,情報・通信業,情報通信・サービスその他,none
3991,ウォンテッドリー,growth,情報・通信業,情報通信・サービスその他,none
3992,ニーズウェル,prime,情報・通信業,情報通信・サービスその他,none
3993,ＰＫＳＨＡ　Ｔｅｃｈｎｏｌｏｇｙ,prime,情報・通信業,情報通信・サービスその他,small1
3994,マネーフォワード,prime,情報・通信業,情報通信・サービスその他,mid400
3996,サインポスト,standard,情報・通信業,情報通信・サービスその他,none
3997,トレードワークス,standard,情報・通信業,情報通信・サービスその他,none
3998,すららネット,growth,情報・通信業,情報通信・サービスその他,none
4004,レゾナック・ホールディングス,prime,化学,素材・化学,mid400
4005,住友化学,prime,化学,素材・化学,mid400
4008,住友精化,prime,化学,素材・化学,small1
4011,ヘッドウォータース,growth,情報・通信業,情報通信・サービスその他,none
4012,アクシス,standard,情報・通信業,情報通信・サービスその他,none
4013,勤次郎,growth,情報・通信業,情報通信・サービスその他,none
4014,カラダノート,growth,情報・通信業,情報通信・サービスその他,none
4015,ペイクラウドホールディングス,growth,情報・通信業,情報通信・サービスその他,none
4016,ＭＩＴホールディングス,standard,情報・通信業,情報通信・サービスその他,none
4017,クリーマ,growth,情報・通信業,情報通信・サービスその他,none
4019,スタメン,growth,情報・通信業,情報通信・サービスその他,none
4020,ビートレンド,growth,情報・通信業,情報通信・サービスその他,none
4021,日産化学,prime,化学,素材・化学,mid400
4022,ラサ工業,prime,化学,素材・化学,small2
4023,クレハ,prime,化学,素材・化学,small1
4025,多木化学,prime,化学,素材・化学,small2
4026,神島化学工業,standard,ガラス・土石製品,建設・資材,none
4027,テイカ,prime,化学,素材・化学,small2
4028,石原産業,prime,化学,素材・化学,small1
402A,アクセルスペースホールディングス,growth,輸送用機器,自動車・輸送機,none
4031,片倉コープアグリ,standard,化学,素材・化学,none
4040,南海化学,standard,化学,素材・化学,none
4041,日本曹達,prime,化学,素材・化学,small1
4042,東ソー,prime,化学,素材・化学,mid400
4043,トクヤマ,prime,化学,素材・化学,mid400
4044,セントラル硝子,prime,化学,素材・化学,small1
4045,東亞合成,prime,化学,素材・化学,mid400
4046,大阪ソーダ,prime,化学,素材・化学,small1
4047,関東電化工業,prime,化学,素材・化学,small1
4051,ＧＭＯフィナンシャルゲート,prime,情報・通信業,情報通信・サービスその他,small2
4052,フィーチャ,growth,情報・通信業,情報通信・サービスその他,none
4053,Ｓｕｎ　Ａｓｔｅｒｉｓｋ,prime,情報・通信業,情報通信・サービスその他,small2
4054,日本情報クリエイト,growth,情報・通信業,情報通信・サービスその他,none
4055,ティアンドエスグループ,growth,情報・通信業,情報通信・サービスその他,none
4056,ニューラルグループ,growth,情報・通信業,情報通信・サービスその他,none
4057,インターファクトリー,growth,情報・通信業,情報通信・サービスその他,none
4058,トヨクモ,growth,情報・通信業,情報通信・サービスその他,none
4059,まぐまぐ,standard,情報・通信業,情報通信・サービスその他,none
4060,ｒａｋｕｍｏ,growth,情報・通信業,情報通信・サービスその他,none
4061,デンカ,prime,化学,素材・化学,mid400
4062,イビデン,prime,電気機器,電機・精密,mid400
4063,信越化学工業,prime,化学,素材・化学,core30
4064,日本カーバイド工業,prime,化学,素材・化学,small2
4068,ベイシス,growth,情報・通信業,情報通信・サービスその他,none
4069,ＢｌｕｅＭｅｍｅ,growth,情報・通信業,情報通信・サービスその他,none
4071,プラスアルファ・コンサルティング,prime,情報・通信業,情報通信・サービスその他,small1
4072,電算システムホールディングス,prime,情報・通信業,情報通信・サービスその他,small2
4073,ジィ・シィ企画,growth,情報・通信業,情報通信・サービスその他,none
4074,ラキール,growth,情報・通信業,情報通信・サービスその他,none
4075,ブレインズテクノロジー,growth,情報・通信業,情報通信・サービスその他,none
4076,シイエヌエス,growth,情報・通信業,情報通信・サービスその他,none
4078,堺化学工業,prime,化学,素材・化学,small1
407A,ＵＮＩＣＯＮホールディングス,standard,建設業,建設・資材,none
4082,第一稀元素化学工業,prime,化学,素材・化学,small2
4088,エア・ウォーター,prime,化学,素材・化学,none
4091,日本酸素ホールディングス,prime,化学,素材・化学,mid400
4092,日本化学工業,prime,化学,素材・化学,small2
4093,東邦アセチレン,standard,化学,素材・化学,none
4094,日本化学産業,standard,化学,素材・化学,none
4095,日本パーカライジング,prime,化学,素材・化学,small1
4097,高圧ガス工業,prime,化学,素材・化学,small2
4098,チタン工業,standard,化学,素材・化学,none
4099,四国化成ホールディングス,prime,化学,素材・化学,small2
409A,オリオンビール,prime,食料品,食品,small2
4100,戸田工業,standard,化学,素材・化学,small2
4102,丸尾カルシウム,standard,化学,素材・化学,none
4107,伊勢化学工業,standard,化学,素材・化学,none
4109,ステラ　ケミファ,prime,化学,素材・化学,small1
410A,ＧＭＯコマース,growth,サービス業,情報通信・サービスその他,none
4112,保土谷化学工業,prime,化学,素材・化学,small2
4113,田岡化学工業,standard,化学,素材・化学,none
4114,日本触媒,prime,化学,素材・化学,mid400
4116,大日精化工業,prime,化学,素材・化学,small2
4118,カネカ,prime,化学,素材・化学,mid400
4119,日本ピグメントホールディングス,standard,化学,素材・化学,none
4120,スガイ化学工業,standard,化学,素材・化学,none
4124,大阪油化工業,standard,化学,素材・化学,none
4125,三和油化工業,standard,化学,素材・化学,none
414A,オーバーラップホールディングス,growth,情報・通信業,情報通信・サービスその他,none
4151,協和キリン,prime,医薬品,医薬品,mid400
415A,ＧＭＯ　ＴＥＣＨホールディングス,growth,サービス業,情報通信・サービスその他,none
4165,プレイド,growth,情報・通信業,情報通信・サービスその他,none
4166,かっこ,growth,情報・通信業,情報通信・サービスその他,none
4167,ココペリ,growth,情報・通信業,情報通信・サービスその他,none
4168,ヤプリ,growth,情報・通信業,情報通信・サービスその他,none
4169,ＥＮＥＣＨＡＮＧＥ,growth,情報・通信業,情報通信・サービスその他,none
416A,富士ユナイトホールディングス,standard,卸売業,商社・卸売,none
4170,Ｋａｉｚｅｎ　Ｐｌａｔｆｏｒｍ,growth,情報・通信業,情報通信・サービスその他,none
4171,グローバルインフォメーション,standard,情報・通信業,情報通信・サービスその他,none
4172,Ｈｉクラテス,standard,情報・通信業,情報通信・サービスその他,none
4174,アピリッツ,standard,情報・通信業,情報通信・サービスその他,none
4175,ｃｏｌｙ,growth,情報・通信業,情報通信・サービスその他,none
4176,ココナラ,growth,情報・通信業,情報通信・サービスその他,none
4177,ｉ‐ｐｌｕｇ,growth,情報・通信業,情報通信・サービスその他,none
4178,Ｓｈａｒｉｎｇ　Ｉｎｎｏｖａｔｉｏｎｓ,growth,情報・通信業,情報通信・サービスその他,none
4179,ジーネクスト,growth,情報・通信業,情報通信・サービスその他,none
417A,ブルーゾーンホールディングス,prime,小売業,小売,mid400
4180,Ａｐｐｉｅｒ　Ｇｒｏｕｐ,prime,情報・通信業,情報通信・サービスその他,small1
4182,三菱瓦斯化学,prime,化学,素材・化学,mid400
4183,三井化学,prime,化学,素材・化学,mid400
4186,東京応化工業,prime,化学,素材・化学,mid400
4187,大阪有機化学工業,prime,化学,素材・化学,small1
4188,三菱ケミカルグループ,prime,化学,素材・化学,large70
4189,ＫＨネオケム,prime,化学,素材・化学,small1
4192,スパイダープラス,growth,情報・通信業,情報通信・サービスその他,none
4193,ファブリカホールディングス,standard,情報・通信業,情報通信・サービスその他,none
4194,ビジョナル,prime,情報・通信業,情報通信・サービスその他,mid400
4196,ネオマーケティング,standard,情報・通信業,情報通信・サービスその他,none
4197,アスマーク,standard,情報・通信業,情報通信・サービスその他,none
4198,テンダ,standard,情報・通信業,情報通信・サービスその他,none
4199,ワンダープラネット,growth,情報・通信業,情報通信・サービスその他,none
4202,ダイセル,prime,化学,素材・化学,mid400
4203,住友ベークライト,prime,化学,素材・化学,mid400
4204,積水化学工業,prime,化学,素材・化学,mid400
4205,日本ゼオン,prime,化学,素材・化学,mid400
4206,アイカ工業,prime,化学,素材・化学,mid400
4208,ＵＢＥ,prime,化学,素材・化学,mid400
4212,積水樹脂,prime,化学,素材・化学,small1
4216,旭有機材,prime,化学,素材・化学,small1
4218,ニチバン,prime,化学,素材・化学,small2
421A,ムービン・ストラテジック・キャリア,growth,サービス業,情報通信・サービスその他,none
4220,リケンテクノス,prime,化学,素材・化学,small2
4221,大倉工業,prime,化学,素材・化学,small2
4222,児玉化学工業,standard,化学,素材・化学,none
4224,ロンシール工業,standard,化学,素材・化学,none
4228,積水化成品工業,prime,化学,素材・化学,small2
4229,群栄化学工業,prime,化学,素材・化学,small2
4231,タイガースポリマー,standard,化学,素材・化学,none
4234,サンエー化研,standard,化学,素材・化学,none
4235,ウルトラファブリックス・ホールディングス,standard,化学,素材・化学,none
4237,フジプレアム,standard,化学,素材・化学,none
4238,ミライアル,standard,化学,素材・化学,none
423A,ライオン事務器,standard,卸売業,商社・卸売,none
4240,クラスターテクノロジー,standard,化学,素材・化学,none
4241,アテクト,standard,化学,素材・化学,none
4242,タカギセイコー,standard,化学,素材・化学,none
4243,ニックス,standard,化学,素材・化学,none
4245,ダイキアクシス,standard,化学,素材・化学,none
4246,ダイキョーニシカワ,prime,化学,素材・化学,small2
4247,ポバール興業,standard,化学,素材・化学,none
4248,竹本容器,standard,化学,素材・化学,none
4249,森六,prime,化学,素材・化学,small2
4251,恵和,prime,化学,素材・化学,small2
4255,ＴＨＥＣＯＯ,growth,情報・通信業,情報通信・サービスその他,none
4256,サインド,growth,情報・通信業,情報通信・サービスその他,none
4258,網屋,growth,情報・通信業,情報通信・サービスその他,none
4259,エクサウィザーズ,growth,情報・通信業,情報通信・サービスその他,none
4260,ハイブリッドテクノロジーズ,growth,情報・通信業,情報通信・サービスその他,none
4261,アジアクエスト,growth,情報・通信業,情報通信・サービスその他,none
4262,ニフティライフスタイル,growth,情報・通信業,情報通信・サービスその他,none
4263,サスメド,growth,情報・通信業,情報通信・サービスその他,none
4264,セキュア,growth,情報・通信業,情報通信・サービスその他,none
4265,Ｉｎｓｔｉｔｕｔｉｏｎ　ｆｏｒ　ａ　Ｇｌｏｂａｌ　Ｓｏｃｉｅｔｙ,growth,情報・通信業,情報通信・サービスその他,none
4270,ＢｅｅＸ,growth,情報・通信業,情報通信・サービスその他,none
4272,日本化薬,prime,化学,素材・化学,mid400
4274,細谷火工,standard,化学,素材・化学,none
4275,カーリット,prime,化学,素材・化学,small2
4284,ソルクシーズ,standard,情報・通信業,情報通信・サービスその他,none
4286,ＣＬホールディングス,standard,サービス業,情報通信・サービスその他,small2
4287,ジャストプランニング,standard,情報・通信業,情報通信・サービスその他,none
4288,アズジェント,standard,情報・通信業,情報通信・サービスその他,none
428A,サイプレス・ホールディングス,standard,小売業,小売,none
4290,プレステージ・インターナショナル,prime,サービス業,情報通信・サービスその他,small1
4293,セプテーニ・ホールディングス,standard,サービス業,情報通信・サービスその他,none
4299,ハイマックス,standard,情報・通信業,情報通信・サービスその他,small2
429A,テクセンドフォトマスク,prime,その他製品,情報通信・サービスその他,small2
4301,アミューズ,prime,サービス業,情報通信・サービスその他,small2
4307,野村総合研究所,prime,情報・通信業,情報通信・サービスその他,large70
4308,Ｊストリーム,growth,情報・通信業,情報通信・サービスその他,none
4310,ドリームインキュベータ,prime,サービス業,情報通信・サービスその他,small2
4316,ビーマップ,growth,情報・通信業,情報通信・サービスその他,none
4317,レイ,standard,サービス業,情報通信・サービスその他,none
4318,クイック,prime,サービス業,情報通信・サービスその他,small2
431A,ユーソナー,growth,情報・通信業,情報通信・サービスその他,none
4320,ＣＥホールディングス,standard,情報・通信業,情報通信・サービスその他,none
4323,日本システム技術,prime,情報・通信業,情報通信・サービスその他,small2
4324,電通グループ,prime,サービス業,情報通信・サービスその他,mid400
4326,インテージホールディングス,prime,情報・通信業,情報通信・サービスその他,small2
4331,テイクアンドギヴ・ニーズ,prime,サービス業,情報通信・サービスその他,small2
4334,ユークス,standard,情報・通信業,情報通信・サービスその他,none
4335,ＩＰＳホールディングス,standard,情報・通信業,情報通信・サービスその他,none
4337,ぴあ,prime,サービス業,情報通信・サービスその他,small2
4341,西菱電機,standard,サービス業,情報通信・サービスその他,none
4343,イオンファンタジー,prime,サービス業,情報通信・サービスその他,small2
4344,ソースネクスト,prime,情報・通信業,情報通信・サービスその他,small2
4345,シーティーエス,prime,サービス業,情報通信・サービスその他,small2
4346,ＮＥＸＹＺ．Ｇｒｏｕｐ,standard,その他金融業,金融（除く銀行）,none
4347,ブロードメディア,standard,サービス業,情報通信・サービスその他,none
4350,メディカルシステムネットワーク,standard,小売業,小売,small2
4351,山田再生系債権回収総合事務所,standard,その他金融業,金融（除く銀行）,none
4356,応用技術,standard,情報・通信業,情報通信・サービスその他,none
4360,マナック・ケミカル・パートナーズ,standard,化学,素材・化学,none
4361,川口化学工業,standard,化学,素材・化学,none
4362,日本精化,prime,化学,素材・化学,small2
4365,松本油脂製薬,standard,化学,素材・化学,none
4366,ダイトーケミックス,standard,化学,素材・化学,none
4368,扶桑化学工業,prime,化学,素材・化学,small1
4369,トリケミカル研究所,prime,化学,素材・化学,small1
436A,サイバーソリューションズ,growth,情報・通信業,情報通信・サービスその他,none
4370,モビルス,growth,情報・通信業,情報通信・サービスその他,none
4371,コアコンセプト・テクノロジー,growth,情報・通信業,情報通信・サービスその他,none
4372,ユミルリンク,growth,情報・通信業,情報通信・サービスその他,none
4373,シンプレクス・ホールディングス,prime,情報・通信業,情報通信・サービスその他,small1
4374,ＲＯＢＯＴ　ＰＡＹＭＥＮＴ,growth,情報・通信業,情報通信・サービスその他,none
4375,セーフィー,growth,情報・通信業,情報通信・サービスその他,none
4376,くふうカンパニーホールディングス,growth,情報・通信業,情報通信・サービスその他,none
4377,ワンキャリア,growth,情報・通信業,情報通信・サービスその他,none
4378,ＣＩＮＣ,growth,情報・通信業,情報通信・サービスその他,none
4379,Ｐｈｏｔｏｓｙｎｔｈ,growth,情報・通信業,情報通信・サービスその他,none
4380,Ｍマート,growth,情報・通信業,情報通信・サービスその他,none
4381,ビープラッツ,growth,情報・通信業,情報通信・サービスその他,none
4382,ＨＥＲＯＺ,standard,情報・通信業,情報通信・サービスその他,small2
4385,メルカリ,prime,情報・通信業,情報通信・サービスその他,mid400
4386,ＳＩＧグループ,standard,情報・通信業,情報通信・サービスその他,none
4387,ＺＵＵ,growth,情報・通信業,情報通信・サービスその他,none
4388,エーアイ,standard,情報・通信業,情報通信・サービスその他,none
4389,プロパティデータバンク,growth,情報・通信業,情報通信・サービスその他,none
438A,インフキュリオン,growth,情報・通信業,情報通信・サービスその他,none
4390,ＩＰＳ,prime,情報・通信業,情報通信・サービスその他,small2
4391,ロジザード,growth,情報・通信業,情報通信・サービスその他,none
4392,ＦＩＧ,prime,情報・通信業,情報通信・サービスその他,none
4393,バンク・オブ・イノベーション,growth,情報・通信業,情報通信・サービスその他,none
4394,エクスモーション,growth,情報・通信業,情報通信・サービスその他,none
4395,アクリート,growth,情報・通信業,情報通信・サービスその他,none
4396,システムサポートホールディングス,prime,情報・通信業,情報通信・サービスその他,small2
4397,チームスピリット,growth,情報・通信業,情報通信・サービスその他,none
4398,ブロードバンドセキュリティ,standard,情報・通信業,情報通信・サービスその他,none
4401,ＡＤＥＫＡ,prime,化学,素材・化学,mid400
4403,日油,prime,化学,素材・化学,mid400
4404,ミヨシ油脂,standard,食料品,食品,none
4406,新日本理化,standard,化学,素材・化学,none
4409,東邦化学工業,standard,化学,素材・化学,none
4410,ハリマ化成グループ,prime,化学,素材・化学,small2
4412,サイエンスアーツ,growth,情報・通信業,情報通信・サービスその他,none
4413,ボードルア,prime,情報・通信業,情報通信・サービスその他,small2
4414,フレクト,growth,情報・通信業,情報通信・サービスその他,none
4415,ブロードエンタープライズ,growth,情報・通信業,情報通信・サービスその他,none
4416,Ｔｒｕｅ　Ｄａｔａ,growth,情報・通信業,情報通信・サービスその他,none
4417,グローバルセキュリティエキスパート,growth,情報・通信業,情報通信・サービスその他,none
4418,ＪＤＳＣ,growth,情報・通信業,情報通信・サービスその他,none
4419,Ｆｉｎａｔｅｘｔホールディングス,growth,情報・通信業,情報通信・サービスその他,none
441A,ＮＥ,growth,情報・通信業,情報通信・サービスその他,small2
4420,イーソル,standard,情報・通信業,情報通信・サービスその他,small2
4421,ディ・アイ・システム,standard,情報・通信業,情報通信・サービスその他,none
4422,ＶＡＬＵＥＮＥＸ,growth,情報・通信業,情報通信・サービスその他,none
4424,Ａｍａｚｉａ,growth,情報・通信業,情報通信・サービスその他,none
4425,Ｋｕｄａｎ,growth,情報・通信業,情報通信・サービスその他,none
4427,ＥｄｕＬａｂ,growth,情報・通信業,情報通信・サービスその他,none
4428,シノプス,growth,情報・通信業,情報通信・サービスその他,none
4429,リックソフト,growth,情報・通信業,情報通信・サービスその他,none
442A,クラシコ,growth,繊維製品,素材・化学,none
4430,東海ソフト,standard,情報・通信業,情報通信・サービスその他,none
4431,スマレジ,growth,情報・通信業,情報通信・サービスその他,none
4432,ウイングアーク１ｓｔ,prime,情報・通信業,情報通信・サービスその他,small1
4433,ヒト・コミュニケーションズ・ホールディングス,prime,サービス業,情報通信・サービスその他,small2
4434,サーバーワークス,standard,情報・通信業,情報通信・サービスその他,small2
4436,ミンカブ・ジ・インフォノイド,growth,情報・通信業,情報通信・サービスその他,none
4437,ｇｏｏｄｄａｙｓホールディングス,growth,情報・通信業,情報通信・サービスその他,none
4438,Ｗｅｌｂｙ,growth,情報・通信業,情報通信・サービスその他,none
4439,東名,standard,情報・通信業,情報通信・サービスその他,none
4440,ヴィッツ,standard,情報・通信業,情報通信・サービスその他,none
4441,トビラシステムズ,standard,情報・通信業,情報通信・サービスその他,none
4442,バルテス・ホールディングス,growth,情報・通信業,情報通信・サービスその他,none
4443,Ｓａｎｓａｎ,prime,情報・通信業,情報通信・サービスその他,small1
4444,インフォネット,growth,情報・通信業,情報通信・サービスその他,none
4445,リビン・テクノロジーズ,growth,情報・通信業,情報通信・サービスその他,none
4446,Ｌｉｎｋ－Ｕグループ,standard,情報・通信業,情報通信・サービスその他,none
4447,ピー・ビーシステムズ,growth,情報・通信業,情報通信・サービスその他,none
4448,ｋｕｂｅｌｌ,growth,情報・通信業,情報通信・サービスその他,none
4450,パワーソリューションズ,growth,情報・通信業,情報通信・サービスその他,none
4452,花王,prime,化学,素材・化学,large70
4461,第一工業製薬,prime,化学,素材・化学,small2
4462,石原ケミカル,prime,化学,素材・化学,small2
4463,日華化学,standard,化学,素材・化学,none
4464,ソフト９９コーポレーション,standard,化学,素材・化学,none
4465,ニイタカ,standard,化学,素材・化学,none
446A,ノースサンド,growth,サービス業,情報通信・サービスその他,none
4471,三洋化成工業,prime,化学,素材・化学,small1
4475,ＨＥＮＮＧＥ,growth,情報・通信業,情報通信・サービスその他,none
4476,ＡＩ　ＣＲＯＳＳ,growth,情報・通信業,情報通信・サービスその他,none
4477,ＢＡＳＥ,growth,情報・通信業,情報通信・サービスその他,none
4478,フリー,growth,情報・通信業,情報通信・サービスその他,none
4479,マクアケ,growth,情報・通信業,情報通信・サービスその他,none
4480,メドレー,prime,情報・通信業,情報通信・サービスその他,small1
4481,ベース,prime,情報・通信業,情報通信・サービスその他,small2
4482,ウィルズ,growth,情報・通信業,情報通信・サービスその他,none
4483,ＪＭＤＣ,prime,情報・通信業,情報通信・サービスその他,small1
4484,ランサーズ,growth,情報・通信業,情報通信・サービスその他,none
4486,ユナイトアンドグロウ,growth,情報・通信業,情報通信・サービスその他,none
4487,スペースマーケット,growth,情報・通信業,情報通信・サービスその他,none
4488,ＡＩ　ｉｎｓｉｄｅ,growth,情報・通信業,情報通信・サービスその他,none
4490,ビザスク,growth,情報・通信業,情報通信・サービスその他,none
4491,コンピューターマネージメント,standard,情報・通信業,情報通信・サービスその他,none
4492,ゼネテック,standard,情報・通信業,情報通信・サービスその他,none
4493,サイバーセキュリティクラウド,growth,情報・通信業,情報通信・サービスその他,none
4495,アイキューブドシステムズ,growth,情報・通信業,情報通信・サービスその他,none
4496,コマースＯｎｅホールディングス,growth,情報・通信業,情報通信・サービスその他,none
4498,サイバートラスト,growth,情報・通信業,情報通信・サービスその他,none
4499,Ｓｐｅｅｅ,standard,情報・通信業,情報通信・サービスその他,none
4502,武田薬品工業,prime,医薬品,医薬品,core30
4503,アステラス製薬,prime,医薬品,医薬品,large70
4506,住友ファーマ,prime,医薬品,医薬品,mid400
4507,塩野義製薬,prime,医薬品,医薬品,large70
4512,わかもと製薬,standard,医薬品,医薬品,none
4516,日本新薬,prime,医薬品,医薬品,mid400
4519,中外製薬,prime,医薬品,医薬品,large70
4521,科研製薬,prime,医薬品,医薬品,small1
4523,エーザイ,prime,医薬品,医薬品,mid400
4524,森下仁丹,standard,医薬品,医薬品,none
4526,理研ビタミン,prime,食料品,食品,small2
4527,ロート製薬,prime,医薬品,医薬品,mid400
4528,小野薬品工業,prime,医薬品,医薬品,mid400
4531,有機合成薬品工業,standard,化学,素材・化学,none
4534,持田製薬,prime,医薬品,医薬品,small2
4536,参天製薬,prime,医薬品,医薬品,mid400
4538,扶桑薬品工業,prime,医薬品,医薬品,small2
4539,日本ケミファ,standard,医薬品,医薬品,none
4540,ツムラ,prime,医薬品,医薬品,mid400
4543,テルモ,prime,精密機器,電機・精密,large70
4544,Ｈ．Ｕ．グループホールディングス,prime,サービス業,情報通信・サービスその他,mid400
4547,キッセイ薬品工業,prime,医薬品,医薬品,small1
4548,生化学工業,prime,医薬品,医薬品,small2
4549,栄研化学,prime,医薬品,医薬品,small1
4552,ＪＣＲファーマ,prime,医薬品,医薬品,small1
4553,東和薬品,prime,医薬品,医薬品,small1
4554,富士製薬工業,prime,医薬品,医薬品,small2
4558,中京医薬品,standard,医薬品,医薬品,none
4559,ゼリア新薬工業,prime,医薬品,医薬品,small1
4563,アンジェス,growth,医薬品,医薬品,none
4564,オンコセラピー・サイエンス,growth,医薬品,医薬品,none
4565,ネクセラファーマ,prime,医薬品,医薬品,small1
4568,第一三共,prime,医薬品,医薬品,core30
4569,杏林製薬,prime,医薬品,医薬品,small1
456A,ＨＵＭＡＮ　ＭＡＤＥ,growth,小売業,小売,none
4570,免疫生物研究所,growth,医薬品,医薬品,none
4571,ＮＡＮＯホールディングス,growth,医薬品,医薬品,none
4572,カルナバイオサイエンス,growth,医薬品,医薬品,none
4574,大幸薬品,prime,医薬品,医薬品,small2
4575,キャンバス,growth,医薬品,医薬品,none
4576,デ・ウエスタン・セラピテクス研究所,growth,医薬品,医薬品,none
4577,ダイト,prime,医薬品,医薬品,small2
4578,大塚ホールディングス,prime,医薬品,医薬品,large70
4579,ラクオリア創薬,growth,医薬品,医薬品,none
4582,シンバイオ製薬,growth,医薬品,医薬品,none
4583,カイオム・バイオサイエンス,growth,医薬品,医薬品,none
4584,キッズウェル・バイオ,growth,医薬品,医薬品,none
4586,メドレックス,growth,医薬品,医薬品,none
4587,ペプチドリーム,prime,医薬品,医薬品,mid400
4588,オンコリスバイオファーマ,growth,医薬品,医薬品,none
4591,リボミック,growth,医薬品,医薬品,none
4592,サンバイオ,growth,医薬品,医薬品,none
4593,ヘリオス,growth,医薬品,医薬品,none
4594,ブライトパス・バイオ,growth,医薬品,医薬品,none
4595,ミズホメディー,standard,医薬品,医薬品,none
4596,窪田製薬ホールディングス,growth,医薬品,医薬品,none
4597,ソレイジア・ファーマ,growth,医薬品,医薬品,none
4598,Ｄｅｌｔａ－Ｆｌｙ　Ｐｈａｒｍａ,growth,医薬品,医薬品,none
4599,ステムリム,growth,医薬品,医薬品,none
460A,ＢＲＡＮＵ,growth,情報・通信業,情報通信・サービスその他,none
4611,大日本塗料,prime,化学,素材・化学,small2
4612,日本ペイントホールディングス,prime,化学,素材・化学,mid400
4613,関西ペイント,prime,化学,素材・化学,mid400
4615,神東塗料,standard,化学,素材・化学,none
4616,川上塗料,standard,化学,素材・化学,none
4617,中国塗料,prime,化学,素材・化学,small1
4619,日本特殊塗料,standard,化学,素材・化学,none
4620,藤倉化成,standard,化学,素材・化学,small2
4623,アサヒペン,standard,化学,素材・化学,none
4624,イサム塗料,standard,化学,素材・化学,none
4625,アトミクス,standard,化学,素材・化学,none
4626,太陽ホールディングス,prime,化学,素材・化学,mid400
4627,ナトコ,standard,化学,素材・化学,none
4628,エスケー化研,standard,化学,素材・化学,none
4629,大伸化学,standard,化学,素材・化学,none
462A,ＦＵＮＤＩＮＮＯ,growth,証券、商品先物取引業,金融（除く銀行）,none
4631,ＤＩＣ,prime,化学,素材・化学,mid400
4633,サカタインクス,prime,化学,素材・化学,small1
4634,ａｒｔｉｅｎｃｅ,prime,化学,素材・化学,small1
4635,東京インキ,standard,化学,素材・化学,none
463A,インテリックスホールディングス,standard,不動産業,不動産,none
4641,アルプス技研,prime,サービス業,情報通信・サービスその他,small2
4642,オリジナル設計,standard,サービス業,情報通信・サービスその他,none
4644,イマジニア,standard,情報・通信業,情報通信・サービスその他,none
4645,市進ホールディングス,standard,サービス業,情報通信・サービスその他,none
464A,ＱＰＳホールディングス,growth,情報・通信業,情報通信・サービスその他,none
4650,ＳＤエンターテイメント,standard,サービス業,情報通信・サービスその他,none
4651,サニックスホールディングス,standard,サービス業,情報通信・サービスその他,small2
4657,環境管理センター,standard,サービス業,情報通信・サービスその他,none
4658,日本空調サービス,prime,サービス業,情報通信・サービスその他,small2
4661,オリエンタルランド,prime,サービス業,情報通信・サービスその他,large70
4662,フォーカスシステムズ,prime,情報・通信業,情報通信・サービスその他,small2
4664,アール・エス・シー,standard,サービス業,情報通信・サービスその他,none
4665,ダスキン,prime,サービス業,情報通信・サービスその他,mid400
4666,パーク２４,prime,不動産業,不動産,mid400
4667,アイサンテクノロジー,standard,情報・通信業,情報通信・サービスその他,none
4668,明光ネットワークジャパン,prime,サービス業,情報通信・サービスその他,small2
4671,ファルコホールディングス,standard,サービス業,情報通信・サービスその他,small2
4673,川崎地質,standard,サービス業,情報通信・サービスその他,none
4674,クレスコ,prime,情報・通信業,情報通信・サービスその他,small2
4676,フジ・メディア・ホールディングス,prime,情報・通信業,情報通信・サービスその他,mid400
4678,秀英予備校,standard,サービス業,情報通信・サービスその他,none
4679,田谷,standard,サービス業,情報通信・サービスその他,none
4680,ラウンドワン,prime,サービス業,情報通信・サービスその他,mid400
4681,リゾートトラスト,prime,サービス業,情報通信・サービスその他,mid400
4684,オービック,prime,情報・通信業,情報通信・サービスその他,mid400
4685,菱友システムズ,standard,情報・通信業,情報通信・サービスその他,none
4686,ジャストシステム,prime,情報・通信業,情報通信・サービスその他,small1
4687,ＴＤＣソフト,prime,情報・通信業,情報通信・サービスその他,small2
4689,ＬＩＮＥヤフー,prime,情報・通信業,情報通信・サービスその他,large70
4691,ワシントンホテル,standard,サービス業,情報通信・サービスその他,none
4694,ビー・エム・エル,prime,サービス業,情報通信・サービスその他,small1
469A,フィットクルー,growth,サービス業,情報通信・サービスその他,none
4704,トレンドマイクロ,prime,情報・通信業,情報通信・サービスその他,mid400
4705,クリップコーポレーション,standard,サービス業,情報通信・サービスその他,none
4707,キタック,standard,サービス業,情報通信・サービスその他,none
4709,ＩＤホールディングス,prime,情報・通信業,情報通信・サービスその他,small2
4712,ＫｅｙＨｏｌｄｅｒ,standard,サービス業,情報通信・サービスその他,none
4714,リソー教育グループ,prime,サービス業,情報通信・サービスその他,small2
4716,日本オラクル,standard,情報・通信業,情報通信・サービスその他,mid400
4718,早稲田アカデミー,prime,サービス業,情報通信・サービスその他,small2
4719,アルファシステムズ,prime,情報・通信業,情報通信・サービスその他,small2
471A,ＮＳグループ,prime,その他金融業,金融（除く銀行）,small2
4720,城南進学研究社,standard,サービス業,情報通信・サービスその他,none
4722,フューチャー,prime,情報・通信業,情報通信・サービスその他,small1
4725,ＣＡＣ　Ｈｏｌｄｉｎｇｓ,prime,情報・通信業,情報通信・サービスその他,small2
4728,トーセ,standard,情報・通信業,情報通信・サービスその他,none
472A,ミラティブ,growth,情報・通信業,情報通信・サービスその他,none
4732,ユー・エス・エス,prime,サービス業,情報通信・サービスその他,mid400
4733,オービックビジネスコンサルタント,prime,情報・通信業,情報通信・サービスその他,mid400
4735,京進,standard,サービス業,情報通信・サービスその他,none
4736,日本ラッド,standard,情報・通信業,情報通信・サービスその他,none
4743,アイティフォー,prime,情報・通信業,情報通信・サービスその他,small2
4746,東計電算,standard,情報・通信業,情報通信・サービスその他,small2
4750,ダイサン,standard,サービス業,情報通信・サービスその他,none
4751,サイバーエージェント,prime,サービス業,情報通信・サービスその他,mid400
4752,昭和システムエンジニアリング,standard,情報・通信業,情報通信・サービスその他,none
4754,トスネット,standard,サービス業,情報通信・サービスその他,none
4755,楽天グループ,prime,サービス業,情報通信・サービスその他,mid400
475A,ギミック,standard,サービス業,情報通信・サービスその他,none
4760,アルファ,standard,サービス業,情報通信・サービスその他,none
4761,さくらケーシーエス,standard,情報・通信業,情報通信・サービスその他,none
4762,エックスネット,standard,情報・通信業,情報通信・サービスその他,none
4763,クリーク・アンド・リバー社,prime,サービス業,情報通信・サービスその他,small2
4765,ＳＢＩグローバルアセットマネジメント,prime,サービス業,情報通信・サービスその他,small2
4766,ピーエイ,standard,サービス業,情報通信・サービスその他,none
4767,テー・オー・ダブリュー,standard,サービス業,情報通信・サービスその他,small2
4768,大塚商会,prime,情報・通信業,情報通信・サービスその他,mid400
4769,ＩＣ,standard,情報・通信業,情報通信・サービスその他,none
476A,辻・本郷ＩＴコンサルティング,standard,情報・通信業,情報通信・サービスその他,none
4771,エフアンドエム,standard,サービス業,情報通信・サービスその他,none
4772,ＳＭ　ＥＮＴＥＲＴＡＩＮＭＥＮＴ　ＪＡＰＡＮ,growth,情報・通信業,情報通信・サービスその他,none
4776,サイボウズ,prime,情報・通信業,情報通信・サービスその他,small1
4777,ガーラ,standard,情報・通信業,情報通信・サービスその他,none
477A,スタートライン,growth,サービス業,情報通信・サービスその他,none
4783,ＮＣＤ,standard,情報・通信業,情報通信・サービスその他,none
4784,ＧＭＯインターネット,prime,サービス業,情報通信・サービスその他,small2
478A,フツパー,growth,情報・通信業,情報通信・サービスその他,none
4792,山田コンサルティンググループ,prime,サービス業,情報通信・サービスその他,small2
479A,ＰＲＯＮＩ,growth,情報・通信業,情報通信・サービスその他,none
4800,オリコン,standard,情報・通信業,情報通信・サービスその他,none
4801,セントラルスポーツ,prime,サービス業,情報通信・サービスその他,small2
4809,パラカ,prime,不動産業,不動産,small2
480A,リブ・コンサルティング,growth,サービス業,情報通信・サービスその他,none
4811,ドリーム・アーツ,growth,情報・通信業,情報通信・サービスその他,none
4812,電通総研,prime,情報・通信業,情報通信・サービスその他,small1
4813,ＡＣＣＥＳＳ,prime,情報・通信業,情報通信・サービスその他,none
4814,ネクストウェア,standard,情報・通信業,情報通信・サービスその他,none
4816,東映アニメーション,standard,情報・通信業,情報通信・サービスその他,none
4819,デジタルガレージ,prime,情報・通信業,情報通信・サービスその他,small1
4820,イーエムシステムズ,prime,情報・通信業,情報通信・サービスその他,small2
4825,ウェザーニューズ,prime,情報・通信業,情報通信・サービスその他,small1
4826,ＣＩＪ,prime,情報・通信業,情報通信・サービスその他,small2
4828,ビジネスエンジニアリング,prime,情報・通信業,情報通信・サービスその他,small2
4829,日本エンタープライズ,standard,情報・通信業,情報通信・サービスその他,none
4832,ＪＦＥシステムズ,standard,情報・通信業,情報通信・サービスその他,none
4833,Ｄｅｆ　ｃｏｎｓｕｌｔｉｎｇ,growth,サービス業,情報通信・サービスその他,none
4838,スペースシャワーＳＫＩＹＡＫＩホールディングス,standard,情報・通信業,情報通信・サービスその他,none
4839,ＷＯＷＯＷ,prime,情報・通信業,情報通信・サービスその他,small2
483A,テラテクノロジー,standard,情報・通信業,情報通信・サービスその他,none
4840,トライアイズ,standard,サービス業,情報通信・サービスその他,none
4845,スカラ,standard,情報・通信業,情報通信・サービスその他,small2
4847,インテリジェント　ウェイブ,prime,情報・通信業,情報通信・サービスその他,none
4848,フルキャストホールディングス,prime,サービス業,情報通信・サービスその他,small2
4849,エン,prime,サービス業,情報通信・サービスその他,small1
485A,パワーエックス,growth,電気機器,電機・精密,none
4880,セルソース,standard,医薬品,医薬品,small2
4881,ファンペップ,growth,医薬品,医薬品,none
4882,ペルセウスプロテオミクス,growth,医薬品,医薬品,none
4883,モダリス,growth,医薬品,医薬品,none
4884,クリングルファーマ,growth,医薬品,医薬品,none
4885,室町ケミカル,standard,医薬品,医薬品,none
4886,あすか製薬ホールディングス,prime,医薬品,医薬品,small2
4887,サワイグループホールディングス,prime,医薬品,医薬品,mid400
4888,ステラファーマ,growth,医薬品,医薬品,none
4889,レナサイエンス,growth,医薬品,医薬品,none
4890,坪田ラボ,growth,医薬品,医薬品,none
4891,ティムス,growth,医薬品,医薬品,none
4892,サイフューズ,growth,医薬品,医薬品,none
4893,ノイルイミューン・バイオテック,growth,医薬品,医薬品,none
4894,クオリプス,growth,医薬品,医薬品,none
4896,ケイファーマ,growth,医薬品,医薬品,none
4901,富士フイルムホールディングス,prime,化学,素材・化学,large70
4902,コニカミノルタ,prime,電気機器,電機・精密,mid400
4911,資生堂,prime,化学,素材・化学,mid400
4912,ライオン,prime,化学,素材・化学,mid400
4914,高砂香料工業,prime,化学,素材・化学,small1
4918,アイビー化粧品,standard,化学,素材・化学,none
4919,ミルボン,prime,化学,素材・化学,small1
4920,日本色材工業研究所,standard,化学,素材・化学,none
4922,コーセーホールディングス,prime,化学,素材・化学,mid400
4923,コタ,prime,化学,素材・化学,small2
4925,ハーバー研究所,standard,化学,素材・化学,none
4926,シーボン,standard,化学,素材・化学,none
4927,ポーラ・オルビスホールディングス,prime,化学,素材・化学,mid400
4928,ノエビアホールディングス,prime,化学,素材・化学,small1
4929,アジュバンホールディングス,standard,化学,素材・化学,none
4931,新日本製薬,prime,化学,素材・化学,small2
4932,アルマード,standard,化学,素材・化学,none
4933,Ｉ－ｎｅ,prime,化学,素材・化学,small2
4934,プレミアアンチエイジング,growth,化学,素材・化学,none
4935,リベルタ,standard,化学,素材・化学,none
4936,アクシージア,standard,化学,素材・化学,small2
4937,Ｗａｑｏｏ,growth,化学,素材・化学,none
4951,エステー,prime,化学,素材・化学,small2
4956,コニシ,prime,化学,素材・化学,small2
4958,長谷川香料,prime,化学,素材・化学,small1
4960,ケミプロ化成,standard,化学,素材・化学,none
4966,上村工業,standard,化学,素材・化学,none
4967,小林製薬,prime,化学,素材・化学,mid400
4968,荒川化学工業,prime,化学,素材・化学,small2
4970,東洋合成工業,standard,化学,素材・化学,none
4971,メック,prime,化学,素材・化学,small1
4972,綜研化学,standard,化学,素材・化学,none
4973,日本高純度化学,prime,化学,素材・化学,small2
4975,ＪＣＵ,prime,化学,素材・化学,small1
4976,東洋ドライルーブ,standard,化学,素材・化学,none
4977,新田ゼラチン,standard,化学,素材・化学,none
4978,リプロセル,growth,化学,素材・化学,none
4979,ＯＡＴアグリオ,standard,化学,素材・化学,small2
4980,デクセリアルズ,prime,化学,素材・化学,mid400
4985,アース製薬,prime,化学,素材・化学,small1
4990,昭和化学工業,standard,化学,素材・化学,none
4992,北興化学工業,standard,化学,素材・化学,small2
4994,大成ラミックグループ,standard,化学,素材・化学,small2
4996,クミアイ化学工業,prime,化学,素材・化学,small1
4997,日本農薬,prime,化学,素材・化学,small2
4998,フマキラー,standard,化学,素材・化学,none
500A,ＴＯブックス,standard,情報・通信業,情報通信・サービスその他,none
5010,日本精蝋,standard,石油・石炭製品,エネルギー資源,none
5011,ニチレキグループ,prime,石油・石炭製品,エネルギー資源,small2
5013,ユシロ,standard,石油・石炭製品,エネルギー資源,small2
5015,ビーピー・カストロール,standard,石油・石炭製品,エネルギー資源,none
5016,ＪＸ金属,prime,非鉄金属,鉄鋼・非鉄,mid400
5018,ＭＯＲＥＳＣＯ,standard,石油・石炭製品,エネルギー資源,none
5019,出光興産,prime,石油・石炭製品,エネルギー資源,mid400
5020,ＥＮＥＯＳホールディングス,prime,石油・石炭製品,エネルギー資源,large70
5021,コスモエネルギーホールディングス,prime,石油・石炭製品,エネルギー資源,mid400
5025,マーキュリー,growth,情報・通信業,情報通信・サービスその他,none
5026,トリプルアイズ,growth,情報・通信業,情報通信・サービスその他,none
5027,ＡｎｙＭｉｎｄ　Ｇｒｏｕｐ,growth,情報・通信業,情報通信・サービスその他,none
5028,セカンドサイトアナリティカ,growth,情報・通信業,情報通信・サービスその他,none
5029,サークレイス,growth,情報・通信業,情報通信・サービスその他,none
5031,モイ,growth,情報・通信業,情報通信・サービスその他,none
5032,ＡＮＹＣＯＬＯＲ,prime,情報・通信業,情報通信・サービスその他,small1
5033,ヌーラボ,growth,情報・通信業,情報通信・サービスその他,none
5034,ｕｎｅｒｒｙ,growth,情報・通信業,情報通信・サービスその他,none
5035,ＨＯＵＳＥＩ,growth,情報・通信業,情報通信・サービスその他,none
5036,日本ビジネスシステムズ,prime,情報・通信業,情報通信・サービスその他,small2
5038,ｅＷｅＬＬ,growth,情報・通信業,情報通信・サービスその他,none
504A,イノバセル,growth,医薬品,医薬品,none
505A,ギークリー,standard,サービス業,情報通信・サービスその他,none
5071,ヴィス,standard,サービス業,情報通信・サービスその他,none
5074,テスホールディングス,prime,建設業,建設・資材,small2
5076,インフロニア・ホールディングス,prime,建設業,建設・資材,mid400
5078,セレコーポレーション,standard,建設業,建設・資材,none
5079,ノバック,standard,建設業,建設・資材,none
5101,横浜ゴム,prime,ゴム製品,自動車・輸送機,mid400
5103,昭和ホールディングス,standard,ゴム製品,自動車・輸送機,none
5105,ＴＯＹＯ　ＴＩＲＥ,prime,ゴム製品,自動車・輸送機,mid400
5108,ブリヂストン,prime,ゴム製品,自動車・輸送機,large70
5110,住友ゴム工業,prime,ゴム製品,自動車・輸送機,mid400
5121,藤倉コンポジット,prime,ゴム製品,自動車・輸送機,small2
5122,オカモト,prime,ゴム製品,自動車・輸送機,small2
5125,ファインズ,growth,情報・通信業,情報通信・サービスその他,none
5126,ポーターズ,growth,情報・通信業,情報通信・サービスその他,none
5129,ＦＩＸＥＲ,growth,情報・通信業,情報通信・サービスその他,none
5131,リンカーズ,growth,情報・通信業,情報通信・サービスその他,none
5132,ｐｌｕｓｚｅｒｏ,growth,情報・通信業,情報通信・サービスその他,none
5133,テリロジーホールディングス,standard,情報・通信業,情報通信・サービスその他,none
5134,ＰＯＰＥＲ,growth,情報・通信業,情報通信・サービスその他,none
5136,ｔｒｉｐｌａ,growth,情報・通信業,情報通信・サービスその他,none
5137,スマートドライブ,growth,情報・通信業,情報通信・サービスその他,none
5138,Ｒｅｂａｓｅ,growth,情報・通信業,情報通信・サービスその他,none
5139,オープンワーク,growth,情報・通信業,情報通信・サービスその他,none
5142,アキレス,prime,化学,素材・化学,small2
5161,西川ゴム工業,standard,ゴム製品,自動車・輸送機,none
5162,朝日ラバー,standard,ゴム製品,自動車・輸送機,none
5184,ニチリン,standard,ゴム製品,自動車・輸送機,none
5185,フコク,prime,ゴム製品,自動車・輸送機,small2
5186,ニッタ,prime,ゴム製品,自動車・輸送機,small2
5187,クリエートメディック,standard,精密機器,電機・精密,none
5189,櫻護謨,standard,ゴム製品,自動車・輸送機,none
5192,三ツ星ベルト,prime,ゴム製品,自動車・輸送機,small1
5194,相模ゴム工業,standard,ゴム製品,自動車・輸送機,none
5195,バンドー化学,prime,ゴム製品,自動車・輸送機,small2
5199,不二ラテックス,standard,ゴム製品,自動車・輸送機,none
519A,ベーシック,growth,情報・通信業,情報通信・サービスその他,none
5201,ＡＧＣ,prime,ガラス・土石製品,建設・資材,mid400
5202,日本板硝子,prime,ガラス・土石製品,建設・資材,small1
5204,石塚硝子,standard,ガラス・土石製品,建設・資材,none
5208,有沢製作所,prime,化学,素材・化学,small1
520A,ジェイファーマ,growth,医薬品,医薬品,none
5210,日本山村硝子,standard,ガラス・土石製品,建設・資材,none
5214,日本電気硝子,prime,ガラス・土石製品,建設・資材,mid400
5216,倉元製作所,standard,ガラス・土石製品,建設・資材,none
5218,オハラ,standard,ガラス・土石製品,建設・資材,small2
5232,住友大阪セメント,prime,ガラス・土石製品,建設・資材,mid400
5233,太平洋セメント,prime,ガラス・土石製品,建設・資材,mid400
5237,ノザワ,standard,ガラス・土石製品,建設・資材,none
523A,セイワホールディングス,growth,金属製品,建設・資材,none
5240,ｍｏｎｏＡＩ　ｔｅｃｈｎｏｌｏｇｙ,growth,情報・通信業,情報通信・サービスその他,none
5242,アイズ,growth,情報・通信業,情報通信・サービスその他,none
5243,ｎｏｔｅ,growth,情報・通信業,情報通信・サービスその他,none
5244,ｊｉｇ．ｊｐ,growth,情報・通信業,情報通信・サービスその他,none
5246,ＥＬＥＭＥＮＴＳ,growth,情報・通信業,情報通信・サービスその他,none
5247,ＢＴＭ,growth,情報・通信業,情報通信・サービスその他,none
5248,テクノロジーズ,growth,情報・通信業,情報通信・サービスその他,none
5250,ＧＭＯプライム・ストラテジー,standard,情報・通信業,情報通信・サービスその他,none
5252,日本ナレッジ,growth,情報・通信業,情報通信・サービスその他,none
5253,カバー,growth,情報・通信業,情報通信・サービスその他,none
5254,Ａｒｅｎｔ,growth,情報・通信業,情報通信・サービスその他,none
5255,モンスターラボ,growth,情報・通信業,情報通信・サービスその他,none
5256,Ｆｕｓｉｃ,growth,情報・通信業,情報通信・サービスその他,none
5257,ノバシステム,standard,情報・通信業,情報通信・サービスその他,none
5258,トランザクション・メディア・ネットワークス,growth,情報・通信業,情報通信・サービスその他,none
5261,リソルホールディングス,prime,サービス業,情報通信・サービスその他,none
5262,日本ヒューム,prime,ガラス・土石製品,建設・資材,small1
5268,旭コンクリート工業,standard,ガラス・土石製品,建設・資材,none
5269,日本コンクリート工業,prime,ガラス・土石製品,建設・資材,small2
5271,トーヨーアサノ,standard,ガラス・土石製品,建設・資材,none
5273,三谷セキサン,standard,ガラス・土石製品,建設・資材,small2
5279,日本興業,standard,ガラス・土石製品,建設・資材,none
5280,ヨシコン,standard,不動産業,不動産,none
5282,ジオスター,standard,ガラス・土石製品,建設・資材,none
5283,高見澤,standard,卸売業,商社・卸売,none
5284,ヤマウホールディングス,standard,ガラス・土石製品,建設・資材,none
5285,ヤマックス,standard,ガラス・土石製品,建設・資材,none
5287,イトーヨーギョー,standard,ガラス・土石製品,建設・資材,none
5288,アジアパイルホールディングス,prime,ガラス・土石製品,建設・資材,small2
5290,ベルテクスコーポレーション,standard,ガラス・土石製品,建設・資材,none
5301,東海カーボン,prime,ガラス・土石製品,建設・資材,mid400
5302,日本カーボン,prime,ガラス・土石製品,建設・資材,small1
5304,ＳＥＣカーボン,standard,ガラス・土石製品,建設・資材,none
5310,東洋炭素,prime,ガラス・土石製品,建設・資材,small1
5331,ノリタケ,prime,ガラス・土石製品,建設・資材,small1
5332,ＴＯＴＯ,prime,ガラス・土石製品,建設・資材,mid400
5333,ＮＧＫ,prime,ガラス・土石製品,建設・資材,mid400
5334,日本特殊陶業,prime,ガラス・土石製品,建設・資材,mid400
5337,ダントーホールディングス,standard,ガラス・土石製品,建設・資材,none
5341,ＡＳＡＨＩ　ＥＩＴＯホールディングス,standard,ガラス・土石製品,建設・資材,none
5344,ＭＡＲＵＷＡ,prime,ガラス・土石製品,建設・資材,mid400
5351,品川リフラ,prime,ガラス・土石製品,建設・資材,small1
5355,日本坩堝,standard,ガラス・土石製品,建設・資材,none
5356,美濃窯業,standard,ガラス・土石製品,建設・資材,none
5357,ヨータイ,prime,ガラス・土石製品,建設・資材,small2
5363,東京窯業,standard,ガラス・土石製品,建設・資材,none
5367,ニッカトー,standard,ガラス・土石製品,建設・資材,none
5368,日本インシュレーション,standard,ガラス・土石製品,建設・資材,none
5380,新東,standard,ガラス・土石製品,建設・資材,none
5381,マイポックス,standard,ガラス・土石製品,建設・資材,none
5384,フジミインコーポレーテッド,prime,ガラス・土石製品,建設・資材,small1
5388,クニミネ工業,standard,ガラス・土石製品,建設・資材,none
5391,エーアンドエーマテリアル,standard,ガラス・土石製品,建設・資材,none
5393,ニチアス,prime,ガラス・土石製品,建設・資材,mid400
5401,日本製鉄,prime,鉄鋼,鉄鋼・非鉄,large70
5406,神戸製鋼所,prime,鉄鋼,鉄鋼・非鉄,mid400
5408,中山製鋼所,prime,鉄鋼,鉄鋼・非鉄,small2
5410,合同製鐵,prime,鉄鋼,鉄鋼・非鉄,small1
5411,ＪＦＥホールディングス,prime,鉄鋼,鉄鋼・非鉄,mid400
5423,東京製鐵,prime,鉄鋼,鉄鋼・非鉄,small1
542A,ビタブリッドジャパン,growth,化学,素材・化学,none
543A,ＡＲＣＨＩＯＮ,prime,輸送用機器,自動車・輸送機,small1
5440,共英製鋼,prime,鉄鋼,鉄鋼・非鉄,small1
5444,大和工業,prime,鉄鋼,鉄鋼・非鉄,mid400
5445,東京鐵鋼,prime,鉄鋼,鉄鋼・非鉄,small1
5446,北越メタル,standard,鉄鋼,鉄鋼・非鉄,none
5449,大阪製鐵,standard,鉄鋼,鉄鋼・非鉄,small2
544A,ＧＭＳグループ,prime,機械,機械,small2
5451,ヨドコウ,prime,鉄鋼,鉄鋼・非鉄,small1
5458,高砂鐵工,standard,鉄鋼,鉄鋼・非鉄,none
545A,トランヴィア,prime,情報・通信業,情報通信・サービスその他,small2
5461,中部鋼鈑,prime,鉄鋼,鉄鋼・非鉄,small1
5463,丸一鋼管,prime,鉄鋼,鉄鋼・非鉄,mid400
5464,モリ工業,standard,鉄鋼,鉄鋼・非鉄,small2
546A,ＭＩＲＡＩＮＩホールディングス,prime,卸売業,商社・卸売,small2
5471,大同特殊鋼,prime,鉄鋼,鉄鋼・非鉄,mid400
547A,ムニノバホールディングス,prime,その他金融業,金融（除く銀行）,small1
5480,日本冶金工業,prime,鉄鋼,鉄鋼・非鉄,small1
5482,愛知製鋼,prime,鉄鋼,鉄鋼・非鉄,small1
5484,東北特殊鋼,standard,鉄鋼,鉄鋼・非鉄,none
548A,システムエグゼ,standard,情報・通信業,情報通信・サービスその他,none
5491,日本金属,standard,鉄鋼,鉄鋼・非鉄,none
549A,ヒトトヒトホールディングス,standard,サービス業,情報通信・サービスその他,none
550A,ソフトテックス,standard,情報・通信業,情報通信・サービスその他,none
5527,ｐｒｏｐｅｒｔｙ　ｔｅｃｈｎｏｌｏｇｉｅｓ,growth,不動産業,不動産,none
5532,リアルゲイト,growth,不動産業,不動産,none
5533,エリッツホールディングス,standard,不動産業,不動産,none
5535,ミガロホールディングス,prime,不動産業,不動産,none
5537,ＡｌｂａＬｉｎｋ,growth,不動産業,不動産,none
5541,大平洋金属,prime,鉄鋼,鉄鋼・非鉄,small2
5542,新報国マテリアル,standard,鉄鋼,鉄鋼・非鉄,none
554A,バトンズ,growth,情報・通信業,情報通信・サービスその他,none
5563,新日本電工,prime,鉄鋼,鉄鋼・非鉄,small1
556A,犬猫生活,growth,小売業,小売,none
5570,ジェノバ,growth,情報・通信業,情報通信・サービスその他,none
5571,エキサイトホールディングス,standard,情報・通信業,情報通信・サービスその他,none
5572,Ｒｉｄｇｅ－ｉ,growth,情報・通信業,情報通信・サービスその他,none
5574,ＡＢＥＪＡ,growth,情報・通信業,情報通信・サービスその他,none
5575,Ｇｌｏｂｅｅ,growth,情報・通信業,情報通信・サービスその他,none
5576,オービーシステム,standard,情報・通信業,情報通信・サービスその他,none
5578,ＡＲアドバンストテクノロジ,growth,情報・通信業,情報通信・サービスその他,none
5580,プロディライト,growth,情報・通信業,情報通信・サービスその他,none
5582,グリッド,growth,情報・通信業,情報通信・サービスその他,none
5586,Ｌａｂｏｒｏ．ＡＩ,growth,情報・通信業,情報通信・サービスその他,none
5587,インバウンドプラットフォーム,growth,情報・通信業,情報通信・サービスその他,none
5588,ファーストアカウンティング,growth,情報・通信業,情報通信・サービスその他,none
5589,オートサーバー,standard,情報・通信業,情報通信・サービスその他,none
558A,ＳＱＵＥＥＺＥ,growth,サービス業,情報通信・サービスその他,none
5590,ネットスターズ,growth,情報・通信業,情報通信・サービスその他,none
5591,ＡＶＩＬＥＮ,growth,情報・通信業,情報通信・サービスその他,none
5592,くすりの窓口,growth,情報・通信業,情報通信・サービスその他,none
5597,ブルーイノベーション,growth,情報・通信業,情報通信・サービスその他,none
5599,Ｓ＆Ｊ,growth,情報・通信業,情報通信・サービスその他,none
559A,梅乃宿酒造,standard,食料品,食品,none
5602,栗本鐵工所,prime,鉄鋼,鉄鋼・非鉄,small1
5603,虹技,standard,鉄鋼,鉄鋼・非鉄,none
5609,日本鋳造,standard,鉄鋼,鉄鋼・非鉄,none
5612,日本鋳鉄管,standard,鉄鋼,鉄鋼・非鉄,none
5616,雨風太陽,growth,情報・通信業,情報通信・サービスその他,none
5618,ナイル,growth,情報・通信業,情報通信・サービスその他,none
5619,マーソ,growth,情報・通信業,情報通信・サービスその他,none
5621,ヒューマンテクノロジーズ,growth,情報・通信業,情報通信・サービスその他,none
5631,日本製鋼所,prime,機械,機械,mid400
5632,三菱製鋼,prime,鉄鋼,鉄鋼・非鉄,small2
5644,メタルアート,standard,鉄鋼,鉄鋼・非鉄,none
5658,日亜鋼業,standard,鉄鋼,鉄鋼・非鉄,none
5659,日本精線,prime,鉄鋼,鉄鋼・非鉄,small2
5660,神鋼鋼線工業,standard,鉄鋼,鉄鋼・非鉄,none
5695,パウダーテック,standard,鉄鋼,鉄鋼・非鉄,none
5697,サンユウ,standard,鉄鋼,鉄鋼・非鉄,none
5698,エンビプロ・ホールディングス,standard,鉄鋼,鉄鋼・非鉄,small2
5699,イボキン,standard,鉄鋼,鉄鋼・非鉄,none
5702,大紀アルミニウム工業所,prime,非鉄金属,鉄鋼・非鉄,small1
5703,日本軽金属ホールディングス,prime,非鉄金属,鉄鋼・非鉄,small1
5704,ＪＭＣ,growth,非鉄金属,鉄鋼・非鉄,none
5706,三井金属,prime,非鉄金属,鉄鋼・非鉄,mid400
5707,東邦亜鉛,prime,非鉄金属,鉄鋼・非鉄,small2
5711,三菱マテリアル,prime,非鉄金属,鉄鋼・非鉄,mid400
5713,住友金属鉱山,prime,非鉄金属,鉄鋼・非鉄,mid400
5714,ＤＯＷＡホールディングス,prime,非鉄金属,鉄鋼・非鉄,mid400
5715,古河機械金属,prime,非鉄金属,鉄鋼・非鉄,small1
5721,エスクリプトエナジー,standard,非鉄金属,鉄鋼・非鉄,none
5724,アサカ理研,standard,非鉄金属,鉄鋼・非鉄,none
5726,大阪チタニウムテクノロジーズ,prime,非鉄金属,鉄鋼・非鉄,small1
5729,日本精鉱,standard,非鉄金属,鉄鋼・非鉄,none
5741,ＵＡＣＪ,prime,非鉄金属,鉄鋼・非鉄,small1
5742,エヌアイシ・オートテック,standard,非鉄金属,鉄鋼・非鉄,none
5753,日本伸銅,standard,非鉄金属,鉄鋼・非鉄,none
5757,ＣＫサンエツ,prime,非鉄金属,鉄鋼・非鉄,small2
575A,前澤ホールディングス,prime,機械,機械,small2
5801,古河電気工業,prime,非鉄金属,鉄鋼・非鉄,mid400
5802,住友電気工業,prime,非鉄金属,鉄鋼・非鉄,large70
5803,フジクラ,prime,非鉄金属,鉄鋼・非鉄,large70
5805,ＳＷＣＣ,prime,非鉄金属,鉄鋼・非鉄,small1
5816,オーナンバ,standard,非鉄金属,鉄鋼・非鉄,none
5817,ＪＭＡＣＳ,standard,非鉄金属,鉄鋼・非鉄,none
5819,カナレ電気,standard,非鉄金属,鉄鋼・非鉄,none
581A,ＧＯ,growth,情報・通信業,情報通信・サービスその他,none
5820,三ッ星,standard,非鉄金属,鉄鋼・非鉄,none
5821,平河ヒューテック,prime,非鉄金属,鉄鋼・非鉄,small2
5830,いよぎんホールディングス,prime,銀行業,銀行,mid400
5831,しずおかフィナンシャルグループ,prime,銀行業,銀行,mid400
5832,ちゅうぎんフィナンシャルグループ,prime,銀行業,銀行,mid400
5834,ＳＢＩリーシングサービス,growth,証券、商品先物取引業,金融（除く銀行）,none
5838,楽天銀行,prime,銀行業,銀行,mid400
5842,インテグラル,growth,証券、商品先物取引業,金融（除く銀行）,none
5843,ニッポンインシュア,standard,その他金融業,金融（除く銀行）,none
5844,京都フィナンシャルグループ,prime,銀行業,銀行,mid400
5845,全保連,standard,その他金融業,金融（除く銀行）,none
584A,ＬｉＮＫＸ,growth,情報・通信業,情報通信・サービスその他,none
5851,リョービ,prime,非鉄金属,鉄鋼・非鉄,small1
5852,アーレスティ,prime,非鉄金属,鉄鋼・非鉄,none
5857,ＡＲＥホールディングス,prime,非鉄金属,鉄鋼・非鉄,small1
5858,ＳＴＧ,growth,非鉄金属,鉄鋼・非鉄,none
5867,エスネットワークス,growth,サービス業,情報通信・サービスその他,none
5868,ロココ,standard,サービス業,情報通信・サービスその他,none
5869,早稲田学習研究会,standard,サービス業,情報通信・サービスその他,none
5870,ナルネットコミュニケーションズ,growth,サービス業,情報通信・サービスその他,none
5871,ＳＯＬＩＺＥ　Ｈｏｌｄｉｎｇｓ,standard,サービス業,情報通信・サービスその他,none
5884,クラダシ,growth,小売業,小売,none
5885,ジーデップ・アドバンス,standard,卸売業,商社・卸売,none
5888,ＤＡＩＷＡ　ＣＹＣＬＥ,growth,小売業,小売,none
5889,Ｊａｐａｎ　Ｅｙｅｗｅａｒ　Ｈｏｌｄｉｎｇｓ,prime,小売業,小売,small2
5891,ＳＡＫＩＧＡＫＥホールディングス,standard,小売業,小売,none
5892,ｙｕｔｏｒｉ,growth,小売業,小売,none
589A,ネイス,growth,サービス業,情報通信・サービスその他,none
5900,ダイケン,standard,金属製品,建設・資材,none
5901,東洋製罐グループホールディングス,prime,金属製品,建設・資材,mid400
5902,ホッカンホールディングス,prime,金属製品,建設・資材,small2
5905,日本製罐,standard,金属製品,建設・資材,none
5906,エムケー精工,standard,金属製品,建設・資材,none
5909,コロナ,standard,金属製品,建設・資材,small2
590A,ギフティグループ,prime,情報・通信業,情報通信・サービスその他,small2
5911,横河ブリッジホールディングス,prime,金属製品,建設・資材,small1
5915,駒井ハルテック,standard,金属製品,建設・資材,none
5918,瀧上工業,standard,金属製品,建設・資材,none
5921,川岸工業,standard,金属製品,建設・資材,none
5922,那須電機鉄工,standard,金属製品,建設・資材,none
5923,高田機工,standard,金属製品,建設・資材,none
5928,アルメタックス,standard,金属製品,建設・資材,none
5929,三和ホールディングス,prime,金属製品,建設・資材,mid400
5930,文化シヤッター,prime,金属製品,建設・資材,small1
5932,三協立山,prime,金属製品,建設・資材,small2
5933,アルインコ,prime,金属製品,建設・資材,small2
5936,東洋シヤッター,standard,金属製品,建設・資材,none
5938,ＬＩＸＩＬ,prime,金属製品,建設・資材,mid400
5939,大谷工業,standard,金属製品,建設・資材,none
593A,ティアフォー,growth,情報・通信業,情報通信・サービスその他,none
5940,不二サッシ,standard,金属製品,建設・資材,none
5941,中西製作所,standard,金属製品,建設・資材,none
5942,日本フイルコン,standard,金属製品,建設・資材,none
5943,ノーリツ,prime,金属製品,建設・資材,small1
5945,天龍製鋸,standard,金属製品,建設・資材,none
5946,長府製作所,prime,金属製品,建設・資材,small2
5947,リンナイ,prime,金属製品,建設・資材,mid400
5949,ユニプレス,prime,輸送用機器,自動車・輸送機,small1
5950,日本パワーファスニング,standard,金属製品,建設・資材,none
5951,ダイニチ工業,standard,金属製品,建設・資材,none
5952,アマテイ,standard,金属製品,建設・資材,none
5955,ワイズホールディングス,standard,金属製品,建設・資材,none
5956,トーソー,standard,金属製品,建設・資材,none
5957,日東精工,prime,金属製品,建設・資材,small2
5958,三洋工業,standard,金属製品,建設・資材,none
5959,岡部,prime,金属製品,建設・資材,small2
5962,浅香工業,standard,その他製品,情報通信・サービスその他,none
5965,フジマック,standard,金属製品,建設・資材,none
5966,京都機械工具,standard,金属製品,建設・資材,none
5967,ＴＯＮＥ,standard,金属製品,建設・資材,none
5969,ロブテックス,standard,金属製品,建設・資材,none
5970,ジーテクト,prime,金属製品,建設・資材,small1
5971,共和工業所,standard,金属製品,建設・資材,none
5973,トーアミ,standard,金属製品,建設・資材,none
5974,中国工業,standard,金属製品,建設・資材,none
5975,東プレ,prime,金属製品,建設・資材,small1
5976,高周波熱錬,prime,金属製品,建設・資材,small2
5981,東京製綱,prime,金属製品,建設・資材,small2
5982,マルゼン,standard,金属製品,建設・資材,none
5983,イワブチ,standard,金属製品,建設・資材,none
5984,兼房,standard,金属製品,建設・資材,none
5985,サンコール,standard,金属製品,建設・資材,small2
5986,モリテック　スチール,standard,金属製品,建設・資材,none
5987,オーネックス,standard,金属製品,建設・資材,none
5988,パイオラックス,prime,金属製品,建設・資材,small1
5989,エイチワン,prime,金属製品,建設・資材,small2
598A,チャットプラス,growth,情報・通信業,情報通信・サービスその他,none
5990,スーパーツール,standard,金属製品,建設・資材,none
5991,日本発條,prime,金属製品,建設・資材,mid400
5992,中央発條,standard,金属製品,建設・資材,small2
5994,ファインシンター,standard,金属製品,建設・資材,none
5997,協立エアテック,standard,金属製品,建設・資材,none
5998,アドバネクス,standard,金属製品,建設・資材,none
6005,三浦工業,prime,機械,機械,mid400
6013,タクマ,prime,機械,機械,small1
6016,ジャパンエンジンコーポレーション,standard,輸送用機器,自動車・輸送機,none
6018,阪神内燃機工業,standard,輸送用機器,自動車・輸送機,none
6022,赤阪鐵工所,standard,機械,機械,none
6023,ダイハツインフィニアース,standard,輸送用機器,自動車・輸送機,none
6027,弁護士ドットコム,prime,サービス業,情報通信・サービスその他,small2
6029,アトラグループ,standard,サービス業,情報通信・サービスその他,none
6030,アドベンチャー,growth,サービス業,情報通信・サービスその他,none
6031,ＺＥＴＡ,growth,サービス業,情報通信・サービスその他,none
6033,エクストリーム,growth,サービス業,情報通信・サービスその他,none
6034,ＭＲＴ,growth,サービス業,情報通信・サービスその他,none
6035,アイ・アールジャパンホールディングス,standard,サービス業,情報通信・サービスその他,small2
6036,ＫｅｅＰｅｒ技研,prime,サービス業,情報通信・サービスその他,small1
6037,楽待,standard,サービス業,情報通信・サービスその他,none
6038,イード,growth,サービス業,情報通信・サービスその他,none
6039,日本動物高度医療センター,growth,サービス業,情報通信・サービスその他,none
603A,アイ・グリッド・ソリューションズ,growth,電気・ガス業,電力・ガス,none
6040,日本スキー場開発,growth,サービス業,情報通信・サービスその他,none
6042,ニッキ,standard,輸送用機器,自動車・輸送機,none
6044,三機サービス,standard,サービス業,情報通信・サービスその他,none
6045,レントラックス,growth,サービス業,情報通信・サービスその他,none
6046,リンクバル,standard,サービス業,情報通信・サービスその他,none
6047,Ｇｕｎｏｓｙ,standard,サービス業,情報通信・サービスその他,small2
6049,イトクロ,growth,サービス業,情報通信・サービスその他,none
604A,ビーエイブル,standard,建設業,建設・資材,none
6050,イー・ガーディアン,prime,サービス業,情報通信・サービスその他,small2
6054,リブセンス,standard,サービス業,情報通信・サービスその他,none
6055,ジャパンマテリアル,prime,サービス業,情報通信・サービスその他,small1
6058,ベクトル,prime,サービス業,情報通信・サービスその他,small2
6059,ウチヤマホールディングス,standard,サービス業,情報通信・サービスその他,none
6061,ユニバーサル園芸社,standard,サービス業,情報通信・サービスその他,none
6062,チャーム・ケア・コーポレーション,prime,サービス業,情報通信・サービスその他,small2
6063,日本エマージェンシーアシスタンス,standard,サービス業,情報通信・サービスその他,none
6069,トレンダーズ,growth,サービス業,情報通信・サービスその他,none
6070,キャリアリンク,prime,サービス業,情報通信・サービスその他,small2
6071,ＩＢＪ,prime,サービス業,情報通信・サービスその他,small2
6072,地盤ネットホールディングス,standard,サービス業,情報通信・サービスその他,none
6073,アサンテ,prime,サービス業,情報通信・サービスその他,small2
6074,ジェイエスエス,standard,サービス業,情報通信・サービスその他,none
6078,バリューＨＲ,prime,サービス業,情報通信・サービスその他,small2
6080,Ｍ＆Ａキャピタルパートナーズ,prime,サービス業,情報通信・サービスその他,small1
6081,アライドアーキテクツ,growth,サービス業,情報通信・サービスその他,none
6082,ライドオンエクスプレスホールディングス,standard,サービス業,情報通信・サービスその他,small2
6083,ＥＲＩホールディングス,standard,サービス業,情報通信・サービスその他,none
6085,アーキテクツ・スタジオ・ジャパン,growth,サービス業,情報通信・サービスその他,none
6086,シンメンテホールディングス,growth,サービス業,情報通信・サービスその他,none
6087,アビスト,standard,サービス業,情報通信・サービスその他,none
6088,シグマクシス・ホールディングス,prime,サービス業,情報通信・サービスその他,small1
6089,ウィルグループ,prime,サービス業,情報通信・サービスその他,small2
6090,ヒューマン・メタボローム・テクノロジーズ,standard,サービス業,情報通信・サービスその他,none
6091,ウエスコホールディングス,standard,サービス業,情報通信・サービスその他,none
6092,エンバイオ・ホールディングス,standard,サービス業,情報通信・サービスその他,none
6093,ミトラグループ,standard,サービス業,情報通信・サービスその他,none
6094,フリークアウト・ホールディングス,growth,サービス業,情報通信・サービスその他,none
6098,リクルートホールディングス,prime,サービス業,情報通信・サービスその他,core30
6099,エラン,prime,サービス業,情報通信・サービスその他,small2
6101,ツガミ,prime,機械,機械,small1
6103,オークマ,prime,機械,機械,small1
6104,芝浦機械,prime,機械,機械,small1
6113,アマダ,prime,機械,機械,mid400
6118,アイダエンジニアリング,prime,機械,機械,small1
6125,岡本工作機械製作所,standard,機械,機械,none
6134,ＦＵＪＩ,prime,機械,機械,mid400
6135,牧野フライス製作所,prime,機械,機械,small1
6136,オーエスジー,prime,機械,機械,mid400
6137,小池酸素工業,standard,機械,機械,none
6138,ダイジェット工業,standard,機械,機械,none
6140,旭ダイヤモンド工業,prime,機械,機械,small1
6141,ＤＭＧ森精機,prime,機械,機械,mid400
6143,ソディック,prime,機械,機械,small1
6144,西部電機,standard,機械,機械,none
6145,ＮＩＴＴＯＫＵ,standard,機械,機械,none
6146,ディスコ,prime,機械,機械,large70
6147,ヤマザキ,standard,機械,機械,none
6149,小田原エンジニアリング,standard,機械,機械,none
6150,タケダ機械,standard,機械,機械,none
6151,日東工器,prime,機械,機械,small2
6155,高松機械工業,standard,機械,機械,none
6156,エーワン精密,standard,機械,機械,none
6157,日進工具,standard,機械,機械,small2
6158,和井田製作所,standard,機械,機械,none
6159,ミクロン精密,standard,機械,機械,none
6161,エスティック,standard,機械,機械,none
6165,パンチ工業,standard,機械,機械,none
6166,中村超硬,growth,機械,機械,none
6167,冨士ダイス,prime,機械,機械,small2
6171,土木管理総合試験所,standard,サービス業,情報通信・サービスその他,none
6176,ブランジスタ,standard,サービス業,情報通信・サービスその他,none
6177,ＡｐｐＢａｎｋ,growth,サービス業,情報通信・サービスその他,none
6178,日本郵政,prime,サービス業,情報通信・サービスその他,large70
6180,ＧＭＯメディア,growth,サービス業,情報通信・サービスその他,none
6181,タメニー,growth,サービス業,情報通信・サービスその他,none
6182,メタリアル,growth,サービス業,情報通信・サービスその他,none
6183,ベルシステム２４ホールディングス,prime,サービス業,情報通信・サービスその他,small2
6184,鎌倉新書,prime,サービス業,情報通信・サービスその他,small2
6185,ＳＭＮ,standard,サービス業,情報通信・サービスその他,none
6186,一蔵,standard,サービス業,情報通信・サービスその他,none
6189,グローバルキッズＣＯＭＰＡＮＹ,standard,サービス業,情報通信・サービスその他,none
6190,フェニックスバイオ,growth,サービス業,情報通信・サービスその他,none
6191,エアトリ,prime,サービス業,情報通信・サービスその他,small2
6193,バーチャレクス・ホールディングス,growth,サービス業,情報通信・サービスその他,none
6194,アトラエ,prime,サービス業,情報通信・サービスその他,small2
6195,ホープ,growth,サービス業,情報通信・サービスその他,none
6196,ストライクグループ,prime,サービス業,情報通信・サービスその他,small1
6197,ソラスト,prime,サービス業,情報通信・サービスその他,none
6198,キャリア,growth,サービス業,情報通信・サービスその他,none
6199,セラク,standard,情報・通信業,情報通信・サービスその他,small2
6200,インソース,prime,サービス業,情報通信・サービスその他,small1
6203,豊和工業,standard,機械,機械,none
6208,石川製作所,standard,機械,機械,none
6209,リケンＮＰＲ,prime,機械,機械,small1
6217,津田駒工業,standard,機械,機械,none
6218,エンシュウ,standard,機械,機械,none
6222,島精機製作所,prime,機械,機械,small1
6223,西部技研,standard,機械,機械,none
6224,ＪＲＣ,growth,機械,機械,none
6226,守谷輸送機工業,standard,機械,機械,none
6227,ＡＩメカテック,standard,機械,機械,none
6228,ジェイ・イー・ティ,standard,機械,機械,none
6229,オーケーエム,standard,機械,機械,none
6230,ＳＡＮＥＩ,standard,機械,機械,none
6231,木村工機,standard,機械,機械,none
6232,ＡＣＳＬ,growth,機械,機械,none
6233,ＫＬＡＳＳ,standard,機械,機械,none
6235,オプトラン,prime,機械,機械,small1
6237,イワキポンプ,prime,機械,機械,small2
6238,フリュー,prime,機械,機械,small2
6239,ナガオカ,standard,機械,機械,none
6240,ヤマシンフィルタ,prime,機械,機械,small2
6245,ヒラノテクシード,standard,機械,機械,none
6246,テクノスマート,standard,機械,機械,none
6247,日阪製作所,prime,機械,機械,small2
6248,横田製作所,standard,機械,機械,none
6249,ゲームカードホールディングス,standard,機械,機械,none
6250,やまびこ,prime,機械,機械,small1
6254,野村マイクロ・サイエンス,prime,機械,機械,small1
6255,エヌ・ピー・シー,growth,機械,機械,none
6257,藤商事,standard,機械,機械,none
6258,平田機工,prime,機械,機械,small1
6262,ＰＥＧＡＳＵＳ,standard,機械,機械,small2
6264,マルマエ,prime,機械,機械,small2
6265,コンバム,standard,機械,機械,none
6266,タツモ,prime,機械,機械,small2
6267,ゼネラルパッカー,standard,機械,機械,none
6268,ナブテスコ,prime,機械,機械,mid400
6269,三井海洋開発,prime,機械,機械,mid400
6272,レオン自動機,prime,機械,機械,small2
6273,ＳＭＣ,prime,機械,機械,large70
6276,シリウスビジョン,standard,電気機器,電機・精密,none
6277,ホソカワミクロン,prime,機械,機械,small1
6278,ユニオンツール,prime,機械,機械,small1
6279,瑞光,prime,機械,機械,small2
6282,オイレス工業,prime,機械,機械,small1
6284,日精エー・エス・ビー機械,prime,機械,機械,small1
6286,靜甲,standard,機械,機械,none
6287,サトー,prime,機械,機械,small1
6289,技研製作所,prime,機械,機械,small2
6291,日本エアーテック,standard,機械,機械,small2
6292,カワタ,standard,機械,機械,none
6294,オカダアイヨン,prime,機械,機械,none
6298,ワイエイシイホールディングス,prime,機械,機械,small2
6301,小松製作所,prime,機械,機械,large70
6302,住友重機械工業,prime,機械,機械,mid400
6305,日立建機,prime,機械,機械,mid400
6306,日工,prime,機械,機械,small2
6307,サンセイ,standard,機械,機械,none
6309,巴工業,prime,機械,機械,small2
6310,井関農機,prime,機械,機械,small2
6315,ＴＯＷＡ,prime,機械,機械,small1
6316,丸山製作所,standard,機械,機械,none
6317,北川鉄工所,standard,機械,機械,small2
6322,タクミナ,standard,機械,機械,none
6323,ローツェ,prime,機械,機械,mid400
6324,ハーモニック・ドライブ・システムズ,prime,機械,機械,small2
6325,タカキタ,standard,機械,機械,none
6326,クボタ,prime,機械,機械,large70
6327,北川精機,standard,機械,機械,none
6328,荏原実業,prime,機械,機械,small2
6330,東洋エンジニアリング,prime,建設業,建設・資材,small2
6331,三菱化工機,prime,機械,機械,small1
6332,月島ホールディングス,prime,機械,機械,small1
6333,ＴＥＩＫＯＫＵ,prime,機械,機械,small2
6334,明治機械,standard,機械,機械,none
6335,東京機械製作所,standard,機械,機械,none
6336,石井表記,standard,機械,機械,none
6337,テセック,standard,機械,機械,none
6338,タカトリ,standard,機械,機械,none
6339,新東工業,prime,機械,機械,small2
6340,澁谷工業,prime,機械,機械,small2
6342,太平製作所,standard,機械,機械,none
6343,フリージア・マクロス,standard,機械,機械,none
6345,アイチ　コーポレーション,prime,機械,機械,small2
6346,キクカワエンタープライズ,standard,機械,機械,none
6347,プラコー,standard,機械,機械,none
6349,小森コーポレーション,prime,機械,機械,small1
6351,鶴見製作所,prime,機械,機械,small2
6356,日本ギア工業,standard,機械,機械,none
6357,三精テクノロジーズ,standard,機械,機械,none
6358,酒井重工業,prime,機械,機械,small2
6360,東京自働機械製作所,standard,機械,機械,none
6361,荏原製作所,prime,機械,機械,mid400
6363,酉島製作所,prime,機械,機械,small1
6364,ＡＩＲＭＡＮ,prime,機械,機械,small2
6365,電業社機械製作所,standard,機械,機械,none
6366,千代田化工建設,standard,建設業,建設・資材,none
6367,ダイキン工業,prime,機械,機械,core30
6368,オルガノ,prime,機械,機械,mid400
6369,トーヨーカネツ,prime,機械,機械,small2
6370,栗田工業,prime,機械,機械,mid400
6371,椿本チエイン,prime,機械,機械,small1
6376,日機装,prime,精密機器,電機・精密,small1
6378,木村化工機,standard,機械,機械,small2
6379,レイズネクスト,prime,建設業,建設・資材,small2
6380,オリエンタルチエン工業,standard,機械,機械,none
6381,アネスト岩田,prime,機械,機械,small2
6382,トリニティ工業,standard,機械,機械,none
6383,ダイフク,prime,機械,機械,mid400
6384,昭和真空,standard,機械,機械,none
6387,サムコ,prime,機械,機械,small2
6390,加藤製作所,prime,機械,機械,none
6391,加地テック,standard,機械,機械,none
6392,ヤマダコーポレーション,standard,機械,機械,none
6393,油研工業,standard,機械,機械,none
6395,タダノ,prime,機械,機械,small1
6396,宇野澤組鐵工所,standard,機械,機械,none
6400,不二精機,standard,機械,機械,none
6402,兼松エンジニアリング,standard,機械,機械,none
6405,鈴茂器工,standard,機械,機械,none
6407,ＣＫＤ,prime,機械,機械,small1
6408,小倉クラッチ,standard,機械,機械,none
6412,平和,prime,機械,機械,small1
6413,理想科学工業,prime,機械,機械,small2
6417,ＳＡＮＫＹＯ,prime,機械,機械,mid400
6418,日本金銭機械,prime,機械,機械,small2
6419,マースグループホールディングス,prime,機械,機械,small1
6420,ガリレイホールディングス,prime,機械,機械,small1
6424,高見沢サイバネティックス,standard,機械,機械,none
6425,ユニバーサルエンターテインメント,standard,機械,機械,none
6428,オーイズミ,standard,機械,機械,none
6430,ダイコク電機,prime,機械,機械,small2
6432,竹内製作所,prime,機械,機械,small1
6433,ヒーハイスト,standard,機械,機械,none
6436,アマノ,prime,機械,機械,mid400
6440,ＪＵＫＩ,prime,機械,機械,small2
6444,サンデン,standard,機械,機械,none
6445,ジャノメ,prime,機械,機械,small2
6448,ブラザー工業,prime,電気機器,電機・精密,mid400
6454,マックス,prime,機械,機械,small1
6455,モリタホールディングス,prime,輸送用機器,自動車・輸送機,small2
6457,グローリー,prime,機械,機械,mid400
6458,新晃工業,prime,機械,機械,small1
6459,だいわ,prime,機械,機械,small2
6460,セガサミーホールディングス,prime,機械,機械,mid400
6463,ＴＰＲ,prime,機械,機械,small1
6464,ツバキ・ナカシマ,prime,機械,機械,small2
6465,ホシザキ,prime,機械,機械,mid400
6466,ＴＶＥ,standard,機械,機械,none
6467,ニチダイ,standard,機械,機械,none
6469,放電精密加工研究所,standard,機械,機械,none
6470,大豊工業,standard,機械,機械,small2
6471,日本精工,prime,機械,機械,mid400
6472,ＮＴＮ,prime,機械,機械,mid400
6473,ジェイテクト,prime,機械,機械,mid400
6474,不二越,prime,機械,機械,small1
6479,ミネベアミツミ,prime,電気機器,電機・精密,mid400
6480,日本トムソン,prime,機械,機械,small2
6481,ＴＨＫ,prime,機械,機械,mid400
6482,ＹＵＳＨＩＮ,standard,機械,機械,small2
6484,ＫＶＫ,standard,機械,機械,none
6485,前澤給装工業,standard,機械,機械,small2
6486,イーグル工業,prime,機械,機械,small1
6488,ヨシタケ,standard,機械,機械,none
6490,ＰＩＬＬＡＲ,prime,機械,機械,small1
6492,岡野バルブ製造,standard,機械,機械,none
6493,ＮＩＴＴＡＮ,standard,輸送用機器,自動車・輸送機,none
6494,ＮＦＫホールディングス,standard,機械,機械,none
6495,宮入バルブ製作所,standard,機械,機械,none
6496,中北製作所,standard,機械,機械,none
6497,ハマイ,standard,機械,機械,none
6498,キッツ,prime,機械,機械,small1
6501,日立製作所,prime,電気機器,電機・精密,core30
6503,三菱電機,prime,電気機器,電機・精密,core30
6504,富士電機,prime,電気機器,電機・精密,mid400
6505,東洋電機製造,standard,電気機器,電機・精密,none
6506,安川電機,prime,電気機器,電機・精密,mid400
6507,シンフォニアテクノロジー,prime,電気機器,電機・精密,small1
6508,明電舎,prime,電気機器,電機・精密,small1
6513,オリジン,standard,電気機器,電機・精密,none
6516,山洋電気,prime,電気機器,電機・精密,small1
6517,デンヨー,prime,電気機器,電機・精密,small2
6518,三相電機,standard,電気機器,電機・精密,none
6521,オキサイド,growth,電気機器,電機・精密,none
6522,アスタリスク,growth,電気機器,電機・精密,none
6523,ＰＨＣホールディングス,prime,電気機器,電機・精密,small1
6524,湖北工業,standard,電気機器,電機・精密,none
6525,ＫＯＫＵＳＡＩ　ＥＬＥＣＴＲＩＣ,prime,電気機器,電機・精密,mid400
6526,ソシオネクスト,prime,電気機器,電機・精密,mid400
6532,ベイカレント,prime,サービス業,情報通信・サービスその他,mid400
6533,Ｏｒｃｈｅｓｔｒａ　Ｈｏｌｄｉｎｇｓ,prime,サービス業,情報通信・サービスその他,small2
6535,アイモバイル,prime,サービス業,情報通信・サービスその他,small2
6537,ＷＡＳＨハウス,growth,サービス業,情報通信・サービスその他,none
6538,ディスラプターズ,standard,サービス業,情報通信・サービスその他,none
6539,ＭＳ－Ｊａｐａｎ,prime,サービス業,情報通信・サービスその他,small2
6540,船場,standard,サービス業,情報通信・サービスその他,none
6543,日宣,standard,サービス業,情報通信・サービスその他,none
6544,ジャパンエレベーターサービスホールディングス,prime,サービス業,情報通信・サービスその他,mid400
6545,インターネットインフィニティー,growth,サービス業,情報通信・サービスその他,none
6546,フルテック,standard,サービス業,情報通信・サービスその他,none
6547,グリーンズ,standard,サービス業,情報通信・サービスその他,none
6548,旅工房,growth,サービス業,情報通信・サービスその他,none
6549,ディーエムソリューションズ,standard,サービス業,情報通信・サービスその他,none
6551,ツナググループ・ホールディングス,standard,サービス業,情報通信・サービスその他,none
6552,ＧａｍｅＷｉｔｈ,standard,サービス業,情報通信・サービスその他,none
6554,エスユーエス,growth,サービス業,情報通信・サービスその他,none
6555,ＭＳ＆Ｃｏｎｓｕｌｔｉｎｇ,standard,サービス業,情報通信・サービスその他,none
6557,ＡＩＡＩグループ,growth,サービス業,情報通信・サービスその他,none
6558,クックビズ,growth,サービス業,情報通信・サービスその他,none
6560,エル・ティー・エス,prime,サービス業,情報通信・サービスその他,small2
6561,ＨＡＮＡＴＯＵＲ　ＪＡＰＡＮ,growth,サービス業,情報通信・サービスその他,none
6562,ジーニー,growth,サービス業,情報通信・サービスその他,none
6563,みらいワークス,growth,サービス業,情報通信・サービスその他,none
6564,ミダックホールディングス,prime,サービス業,情報通信・サービスその他,small2
6566,要興業,standard,サービス業,情報通信・サービスその他,none
6568,神戸天然物化学,growth,サービス業,情報通信・サービスその他,none
6570,共和コーポレーション,standard,サービス業,情報通信・サービスその他,none
6571,キュービーネットホールディングス,prime,サービス業,情報通信・サービスその他,small2
6572,オープングループ,prime,サービス業,情報通信・サービスその他,small2
6573,ＣＲＡＶＩＡ,growth,サービス業,情報通信・サービスその他,none
6574,コンヴァノ,growth,サービス業,情報通信・サービスその他,none
6577,ベストワンドットコム,growth,サービス業,情報通信・サービスその他,none
6578,コレックホールディングス,standard,サービス業,情報通信・サービスその他,none
6579,ログリー,growth,サービス業,情報通信・サービスその他,none
6580,ライトアップ,growth,サービス業,情報通信・サービスその他,none
6584,三櫻工業,prime,輸送用機器,自動車・輸送機,small2
6586,マキタ,prime,機械,機械,mid400
6588,東芝テック,prime,電気機器,電機・精密,small1
6590,芝浦メカトロニクス,prime,電気機器,電機・精密,small1
6592,マブチモーター,prime,電気機器,電機・精密,mid400
6594,ニデック,prime,電気機器,電機・精密,none
6597,ＨＰＣシステムズ,growth,電気機器,電機・精密,none
6599,エブレン,standard,電気機器,電機・精密,none
6612,バルミューダ,growth,電気機器,電機・精密,none
6613,ＱＤレーザ,growth,電気機器,電機・精密,none
6614,シキノハイテック,standard,電気機器,電機・精密,none
6615,ユー・エム・シー・エレクトロニクス,prime,電気機器,電機・精密,small2
6616,トレックス・セミコンダクター,prime,電気機器,電機・精密,small2
6617,東光高岳,prime,電気機器,電機・精密,small2
6619,ダブル・スコープ,prime,電気機器,電機・精密,small2
6620,宮越ホールディングス,prime,不動産業,不動産,small2
6622,ダイヘン,prime,電気機器,電機・精密,small1
6625,ＪＡＬＣＯホールディングス,standard,不動産業,不動産,none
6626,ＳＥＭＩＴＥＣ,standard,電気機器,電機・精密,none
6627,テラプローブ,standard,電気機器,電機・精密,none
6629,テクノホライゾン,standard,電気機器,電機・精密,none
6630,ヤーマン,prime,電気機器,電機・精密,small1
6632,ＪＶＣケンウッド,prime,電気機器,電機・精密,mid400
6633,ＣＧＳホールディングス,standard,電気機器,電機・精密,none
6634,ＪＮグループ,standard,電気機器,電機・精密,none
6635,大日光・エンジニアリング,standard,電気機器,電機・精密,none
6637,寺崎電気産業,standard,電気機器,電機・精密,none
6638,ミマキエンジニアリング,prime,電気機器,電機・精密,small2
6643,戸上電機製作所,standard,電気機器,電機・精密,none
6644,大崎電気工業,prime,電気機器,電機・精密,small2
6645,オムロン,prime,電気機器,電機・精密,mid400
6647,森尾電機,standard,電気機器,電機・精密,none
6648,かわでん,standard,電気機器,電機・精密,none
6651,日東工業,prime,電気機器,電機・精密,small1
6652,ＩＤＥＣ,prime,電気機器,電機・精密,small1
6653,正興電機製作所,prime,電気機器,電機・精密,none
6654,不二電機工業,standard,電気機器,電機・精密,none
6656,インスペック,standard,電気機器,電機・精密,none
6658,シライ電子工業,standard,電気機器,電機・精密,none
6659,メディアリンクス,standard,電気機器,電機・精密,none
6662,ユビテック,standard,電気機器,電機・精密,none
6663,太洋テクノレックス,standard,電気機器,電機・精密,none
6664,オプトエレクトロニクス,standard,電気機器,電機・精密,none
6666,リバーエレテック,standard,電気機器,電機・精密,none
6668,アドテック　プラズマ　テクノロジー,standard,電気機器,電機・精密,none
6674,ジーエス・ユアサ　コーポレーション,prime,電気機器,電機・精密,mid400
6675,サクサ,standard,電気機器,電機・精密,none
6676,ＢＵＦＦＡＬＯ,standard,電気機器,電機・精密,small2
6677,エスケーエレクトロニクス,standard,電気機器,電機・精密,none
6678,テクノメディカ,standard,電気機器,電機・精密,small2
6694,ズーム,standard,電気機器,電機・精密,none
6696,トラース・オン・プロダクト,growth,電気機器,電機・精密,none
6699,ダイヤモンドエレクトリックホールディングス,standard,電気機器,電機・精密,small2
6701,日本電気,prime,電気機器,電機・精密,large70
6702,富士通,prime,電気機器,電機・精密,large70
6703,沖電気工業,prime,電気機器,電機・精密,small1
6706,電気興業,prime,電気機器,電機・精密,small2
6707,サンケン電気,prime,電気機器,電機・精密,mid400
6718,アイホン,prime,電気機器,電機・精密,small2
6721,ウインテスト,standard,電気機器,電機・精密,none
6723,ルネサスエレクトロニクス,prime,電気機器,電機・精密,large70
6724,セイコーエプソン,prime,電気機器,電機・精密,mid400
6727,ワコム,prime,電気機器,電機・精密,small1
6728,アルバック,prime,電気機器,電機・精密,mid400
6730,アクセル,standard,電気機器,電機・精密,small2
6731,ピクセラ,standard,電気機器,電機・精密,none
6736,サン電子,standard,電気機器,電機・精密,none
6737,ＥＩＺＯ,prime,電気機器,電機・精密,small1
6740,ジャパンディスプレイ,prime,電気機器,電機・精密,small2
6741,日本信号,prime,電気機器,電機・精密,small2
6742,京三製作所,prime,電気機器,電機・精密,small2
6743,大同信号,standard,電気機器,電機・精密,none
6744,能美防災,prime,電気機器,電機・精密,small1
6745,ホーチキ,prime,電気機器,電機・精密,small2
6748,星和電機,standard,電気機器,電機・精密,none
6750,エレコム,prime,電気機器,電機・精密,small1
6752,パナソニック　ホールディングス,prime,電気機器,電機・精密,large70
6753,シャープ,prime,電気機器,電機・精密,mid400
6754,アンリツ,prime,電気機器,電機・精密,mid400
6757,ＯＳＧコーポレーション,standard,電気機器,電機・精密,none
6758,ソニーグループ,prime,電気機器,電機・精密,core30
6762,ＴＤＫ,prime,電気機器,電機・精密,large70
6763,帝国通信工業,prime,電気機器,電機・精密,small2
6768,タムラ製作所,prime,電気機器,電機・精密,small1
6769,ザインエレクトロニクス,standard,電気機器,電機・精密,none
6770,アルプスアルパイン,prime,電気機器,電機・精密,mid400
6771,池上通信機,standard,電気機器,電機・精密,none
6772,東京コスモス電機,standard,電気機器,電機・精密,none
6775,ＴＢグループ,standard,電気機器,電機・精密,none
6776,天昇電気工業,standard,化学,素材・化学,none
6777,ｓａｎｔｅｃ　Ｈｏｌｄｉｎｇｓ,standard,電気機器,電機・精密,none
6778,アルチザネットワークス,standard,電気機器,電機・精密,none
6779,日本電波工業,prime,電気機器,電機・精密,small2
6785,鈴木,prime,電気機器,電機・精密,small2
6786,ＲＶＨ,standard,サービス業,情報通信・サービスその他,none
6787,メイコー,prime,電気機器,電機・精密,small1
6788,日本トリム,prime,電気機器,電機・精密,small2
6794,フォスター電機,prime,電気機器,電機・精密,small2
6797,名古屋電機工業,standard,電気機器,電機・精密,none
6798,ＳＭＫ,prime,電気機器,電機・精密,small2
6800,ヨコオ,prime,電気機器,電機・精密,small2
6803,ティアック,standard,電気機器,電機・精密,none
6804,ホシデン,prime,電気機器,電機・精密,small1
6806,ヒロセ電機,prime,電気機器,電機・精密,mid400
6807,日本航空電子工業,prime,電気機器,電機・精密,small1
6809,ＴＯＡ,prime,電気機器,電機・精密,small2
6810,マクセル,prime,電気機器,電機・精密,small1
6814,古野電気,prime,電気機器,電機・精密,small1
6817,スミダコーポレーション,prime,電気機器,電機・精密,small2
6819,伊豆シャボテンリゾート,standard,サービス業,情報通信・サービスその他,none
6820,アイコム,prime,電気機器,電機・精密,small2
6822,大井電気,standard,電気機器,電機・精密,none
6823,リオン,prime,電気機器,電機・精密,small2
6824,新コスモス電機,standard,電気機器,電機・精密,none
6832,アオイ電子,standard,電気機器,電機・精密,none
6834,精工技研,standard,電気機器,電機・精密,none
6835,アライドテレシスホールディングス,standard,電気機器,電機・精密,none
6836,ぷらっとホーム,standard,電気機器,電機・精密,none
6837,京写,standard,電気機器,電機・精密,none
6838,多摩川ホールディングス,standard,電気機器,電機・精密,none
6840,ＡＫＩＢＡホールディングス,standard,電気機器,電機・精密,none
6841,横河電機,prime,電気機器,電機・精密,mid400
6844,新電元工業,prime,電気機器,電機・精密,small2
6845,アズビル,prime,電気機器,電機・精密,mid400
6848,東亜ディーケーケー,standard,電気機器,電機・精密,none
6849,日本光電工業,prime,電気機器,電機・精密,mid400
6850,チノー,prime,電気機器,電機・精密,small2
6853,共和電業,standard,電気機器,電機・精密,none
6855,日本電子材料,standard,電気機器,電機・精密,small2
6856,堀場製作所,prime,電気機器,電機・精密,mid400
6857,アドバンテスト,prime,電気機器,電機・精密,core30
6858,小野測器,standard,電気機器,電機・精密,none
6859,エスペック,prime,電気機器,電機・精密,small1
6861,キーエンス,prime,電気機器,電機・精密,core30
6862,ミナトホールディングス,standard,電気機器,電機・精密,none
6863,ニレコ,standard,電気機器,電機・精密,none
6864,エヌエフホールディングス,standard,電気機器,電機・精密,none
6866,日置電機,prime,電気機器,電機・精密,small1
6867,リーダー電子,standard,電気機器,電機・精密,none
6869,シスメックス,prime,電気機器,電機・精密,mid400
6870,日本フェンオール,standard,電気機器,電機・精密,none
6871,日本マイクロニクス,prime,電気機器,電機・精密,small1
6874,協立電機,standard,電気機器,電機・精密,none
6875,メガチップス,prime,電気機器,電機・精密,small1
6877,ＯＢＡＲＡ　ＧＲＯＵＰ,standard,電気機器,電機・精密,small2
6882,三社電機製作所,standard,電気機器,電機・精密,none
6888,アクモス,standard,情報・通信業,情報通信・サービスその他,none
6890,フェローテック,standard,電気機器,電機・精密,none
6894,パルステック工業,standard,電気機器,電機・精密,none
6897,ツインバード,standard,電気機器,電機・精密,none
6898,トミタ電機,standard,電気機器,電機・精密,none
6899,ＡＳＴＩ,standard,電気機器,電機・精密,none
6902,デンソー,prime,輸送用機器,自動車・輸送機,large70
6904,原田工業,standard,電気機器,電機・精密,none
6905,コーセル,prime,電気機器,電機・精密,small2
6907,ジオマテック,standard,電気機器,電機・精密,none
6908,イリソ電子工業,prime,電気機器,電機・精密,small1
6912,菊水ホールディングス,standard,電気機器,電機・精密,none
6914,オプテックスグループ,prime,電気機器,電機・精密,small1
6915,千代田インテグレ,standard,電気機器,電機・精密,small2
6918,アバールデータ,standard,電気機器,電機・精密,none
6919,ケル,standard,電気機器,電機・精密,none
6920,レーザーテック,prime,電気機器,電機・精密,large70
6923,スタンレー電気,prime,電気機器,電機・精密,mid400
6925,ウシオ電機,prime,電気機器,電機・精密,mid400
6926,岡谷電機産業,standard,電気機器,電機・精密,none
6927,ヘリオス　テクノ　ホールディング,standard,電気機器,電機・精密,none
6928,エノモト,standard,電気機器,電機・精密,none
6929,日本セラミック,prime,電気機器,電機・精密,small1
6932,遠藤照明,standard,電気機器,電機・精密,none
6941,山一電機,prime,電気機器,電機・精密,small1
6942,ソフィアホールディングス,standard,情報・通信業,情報通信・サービスその他,none
6943,ＮＫＫスイッチズ,standard,電気機器,電機・精密,none
6946,日本アビオニクス,standard,電気機器,電機・精密,none
6947,図研,prime,電気機器,電機・精密,small1
6951,日本電子,prime,電気機器,電機・精密,mid400
6952,カシオ計算機,prime,電気機器,電機・精密,mid400
6954,ファナック,prime,電気機器,電機・精密,large70
6955,ＦＤＫ,standard,電気機器,電機・精密,none
6958,日本シイエムケイ,prime,電気機器,電機・精密,small2
6960,フクダ電子,standard,電気機器,電機・精密,none
6961,エンプラス,prime,電気機器,電機・精密,small2
6962,大真空,prime,電気機器,電機・精密,small2
6963,ローム,prime,電気機器,電機・精密,mid400
6964,サンコー,standard,電気機器,電機・精密,none
6965,浜松ホトニクス,prime,電気機器,電機・精密,mid400
6966,三井ハイテック,prime,電気機器,電機・精密,small1
6969,松尾電機,standard,電気機器,電機・精密,none
6971,京セラ,prime,電気機器,電機・精密,large70
6976,太陽誘電,prime,電気機器,電機・精密,mid400
6977,日本抵抗器製作所,standard,電気機器,電機・精密,none
6981,村田製作所,prime,電気機器,電機・精密,large70
6982,リード,standard,輸送用機器,自動車・輸送機,none
6986,双葉電子工業,prime,電気機器,電機・精密,small2
6988,日東電工,prime,化学,素材・化学,mid400
6989,北陸電気工業,standard,電気機器,電機・精密,none
6993,大黒屋ホールディングス,standard,小売業,小売,none
6994,指月電機製作所,standard,電気機器,電機・精密,none
6995,東海理化電機製作所,prime,輸送用機器,自動車・輸送機,small1
6996,ニチコン,prime,電気機器,電機・精密,small1
6997,日本ケミコン,prime,電気機器,電機・精密,small2
6998,日本タングステン,standard,電気機器,電機・精密,none
6999,ＫＯＡ,prime,電気機器,電機・精密,small1
7003,三井Ｅ＆Ｓ,prime,機械,機械,mid400
7004,カナデビア,prime,機械,機械,small1
7011,三菱重工業,prime,機械,機械,core30
7012,川崎重工業,prime,輸送用機器,自動車・輸送機,mid400
7013,ＩＨＩ,prime,機械,機械,mid400
7014,名村造船所,standard,輸送用機器,自動車・輸送機,small1
7018,内海造船,standard,輸送用機器,自動車・輸送機,none
7021,ニッチツ,standard,機械,機械,none
7022,サノヤスホールディングス,standard,機械,機械,none
7030,スプリックス,standard,サービス業,情報通信・サービスその他,none
7031,インバウンドテック,growth,サービス業,情報通信・サービスその他,none
7033,マネジメントソリューションズ,prime,サービス業,情報通信・サービスその他,small2
7034,プロレド・パートナーズ,prime,サービス業,情報通信・サービスその他,small2
7035,ａｎｄ　ｆａｃｔｏｒｙ,standard,サービス業,情報通信・サービスその他,none
7036,イーエムネットジャパン,growth,サービス業,情報通信・サービスその他,none
7037,テノ．ホールディングス,standard,サービス業,情報通信・サービスその他,none
7038,フロンティア・マネジメント,prime,サービス業,情報通信・サービスその他,small2
7039,ブリッジインターナショナルグループ,growth,サービス業,情報通信・サービスその他,none
7040,サン・ライフホールディング,standard,サービス業,情報通信・サービスその他,none
7041,ＣＲＧホールディングス,growth,サービス業,情報通信・サービスその他,none
7042,アクセスグループ・ホールディングス,standard,サービス業,情報通信・サービスその他,none
7043,アルー,growth,サービス業,情報通信・サービスその他,none
7044,ピアラ,standard,サービス業,情報通信・サービスその他,none
7046,ＴＤＳＥ,growth,サービス業,情報通信・サービスその他,none
7047,ポート,growth,サービス業,情報通信・サービスその他,none
7048,ベルトラ,growth,サービス業,情報通信・サービスその他,none
7049,識学,growth,サービス業,情報通信・サービスその他,none
7050,フロンティアインターナショナル,growth,サービス業,情報通信・サービスその他,none
7057,エヌ・シー・エヌ,standard,サービス業,情報通信・サービスその他,none
7058,共栄セキュリティーサービス,standard,サービス業,情報通信・サービスその他,none
7059,コプロ・ホールディングス,prime,サービス業,情報通信・サービスその他,none
7060,ギークス,standard,サービス業,情報通信・サービスその他,none
7061,日本ホスピスホールディングス,growth,サービス業,情報通信・サービスその他,none
7062,フレアス,growth,サービス業,情報通信・サービスその他,none
7063,Ｂｉｒｄｍａｎ,growth,サービス業,情報通信・サービスその他,none
7064,ハウテレビジョン,standard,サービス業,情報通信・サービスその他,none
7065,ユーピーアール,standard,サービス業,情報通信・サービスその他,none
7066,ピアズ,growth,サービス業,情報通信・サービスその他,none
7067,ブランディングテクノロジー,growth,サービス業,情報通信・サービスその他,none
7068,フィードフォースグループ,growth,サービス業,情報通信・サービスその他,none
7069,サイバー・バズ,growth,サービス業,情報通信・サービスその他,none
7071,アンビスホールディングス,prime,サービス業,情報通信・サービスその他,small2
7072,インティメート・マージャー,growth,サービス業,情報通信・サービスその他,none
7073,ジェイック,growth,サービス業,情報通信・サービスその他,none
7074,トゥエンティーフォーセブンホールディングス,growth,サービス業,情報通信・サービスその他,none
7075,ＱＬＳホールディングス,growth,サービス業,情報通信・サービスその他,none
7077,ＡＬｉＮＫインターネット,growth,サービス業,情報通信・サービスその他,none
7078,ＩＮＣＬＵＳＩＶＥ　Ｈｏｌｄｉｎｇｓ,growth,サービス業,情報通信・サービスその他,none
7079,ＷＤＢココ,growth,サービス業,情報通信・サービスその他,none
7080,スポーツフィールド,growth,サービス業,情報通信・サービスその他,none
7081,コーユーレンティア,standard,サービス業,情報通信・サービスその他,none
7082,ジモティー,growth,サービス業,情報通信・サービスその他,none
7083,ＡＨＣグループ,growth,サービス業,情報通信・サービスその他,none
7084,Ｓｍｉｌｅ　Ｈｏｌｄｉｎｇｓ,growth,サービス業,情報通信・サービスその他,none
7085,カーブスホールディングス,prime,サービス業,情報通信・サービスその他,small1
7087,ウイルテック,standard,サービス業,情報通信・サービスその他,none
7089,フォースタートアップス,growth,サービス業,情報通信・サービスその他,none
7090,リグア,growth,サービス業,情報通信・サービスその他,none
7091,リビングプラットフォーム,growth,サービス業,情報通信・サービスその他,none
7093,アディッシュ,growth,サービス業,情報通信・サービスその他,none
7094,ＮｅｘＴｏｎｅ,growth,サービス業,情報通信・サービスその他,none
7095,Ｍａｃｂｅｅ　Ｐｌａｎｅｔ,prime,サービス業,情報通信・サービスその他,small2
7096,ステムセル研究所,growth,サービス業,情報通信・サービスその他,none
7097,さくらさくプラス,growth,サービス業,情報通信・サービスその他,none
7102,日本車輌製造,prime,輸送用機器,自動車・輸送機,small2
7110,クラシコム,growth,小売業,小売,none
7111,ＩＮＥＳＴ,standard,卸売業,商社・卸売,none
7112,キューブ,growth,小売業,小売,none
7114,フーディソン,growth,卸売業,商社・卸売,none
7115,アルファパーチェス,standard,卸売業,商社・卸売,none
7119,ハルメクホールディングス,growth,小売業,小売,none
7120,ＳＨＩＮＫＯ,standard,卸売業,商社・卸売,none
7122,近畿車輛,standard,輸送用機器,自動車・輸送機,none
7126,グローバルスタイル,standard,小売業,小売,none
7127,一家ホールディングス,standard,小売業,小売,none
7128,ユニソルホールディングス,prime,卸売業,商社・卸売,small1
7129,ミアヘルサホールディングス,standard,小売業,小売,none
7130,ヤマエグループホールディングス,prime,卸売業,商社・卸売,small1
7131,のむら産業,standard,卸売業,商社・卸売,none
7133,ＨＹＵＧＡ　ＰＲＩＭＡＲＹ　ＣＡＲＥ,growth,小売業,小売,none
7134,アップガレージグループ,standard,小売業,小売,none
7135,ジャパンクラフトホールディングス,standard,小売業,小売,none
7138,ＴＯＲＩＣＯ,growth,小売業,小売,none
7140,ペットゴー,growth,小売業,小売,none
7148,ＦＰＧ,prime,証券、商品先物取引業,金融（除く銀行）,small1
7150,島根銀行,standard,銀行業,銀行,none
7157,ライフネット生命保険,prime,保険業,金融（除く銀行）,small1
7161,じもとホールディングス,standard,銀行業,銀行,none
7162,アストマックス,standard,電気・ガス業,電力・ガス,none
7164,全国保証,prime,その他金融業,金融（除く銀行）,mid400
7167,めぶきフィナンシャルグループ,prime,銀行業,銀行,mid400
7172,ジャパンインベストメントアドバイザー,prime,証券、商品先物取引業,金融（除く銀行）,small1
7173,東京きらぼしフィナンシャルグループ,prime,銀行業,銀行,small1
7175,今村証券,standard,証券、商品先物取引業,金融（除く銀行）,none
7177,ＧＭＯフィナンシャルホールディングス,standard,証券、商品先物取引業,金融（除く銀行）,none
7180,九州フィナンシャルグループ,prime,銀行業,銀行,mid400
7181,かんぽ生命保険,prime,保険業,金融（除く銀行）,mid400
7182,ゆうちょ銀行,prime,銀行業,銀行,large70
7183,あんしん保証,standard,その他金融業,金融（除く銀行）,none
7184,富山第一銀行,prime,銀行業,銀行,small1
7185,ヒロセ通商,standard,証券、商品先物取引業,金融（除く銀行）,none
7186,横浜フィナンシャルグループ,prime,銀行業,銀行,mid400
7187,ジェイリース,prime,その他金融業,金融（除く銀行）,small2
7189,西日本フィナンシャルホールディングス,prime,銀行業,銀行,mid400
7191,イントラスト,standard,その他金融業,金融（除く銀行）,none
7192,日本モーゲージサービス,standard,その他金融業,金融（除く銀行）,none
7196,Ｃａｓａ,standard,その他金融業,金融（除く銀行）,none
7198,ＳＢＩアルヒ,prime,その他金融業,金融（除く銀行）,small2
7199,プレミアグループ,prime,その他金融業,金融（除く銀行）,small1
7201,日産自動車,prime,輸送用機器,自動車・輸送機,mid400
7202,いすゞ自動車,prime,輸送用機器,自動車・輸送機,mid400
7203,トヨタ自動車,prime,輸送用機器,自動車・輸送機,core30
7208,カネミツ,standard,輸送用機器,自動車・輸送機,none
7211,三菱自動車工業,prime,輸送用機器,自動車・輸送機,mid400
7212,エフテック,standard,輸送用機器,自動車・輸送機,none
7213,レシップホールディングス,standard,輸送用機器,自動車・輸送機,none
7214,ＧＭＢ,standard,輸送用機器,自動車・輸送機,none
7215,ファルテック,standard,輸送用機器,自動車・輸送機,none
7217,テイン,standard,輸送用機器,自動車・輸送機,none
7218,田中精密工業,standard,輸送用機器,自動車・輸送機,none
7219,エッチ・ケー・エス,standard,輸送用機器,自動車・輸送機,none
7220,武蔵精密工業,prime,輸送用機器,自動車・輸送機,small1
7222,日産車体,standard,輸送用機器,自動車・輸送機,small2
7224,新明和工業,prime,輸送用機器,自動車・輸送機,small1
7226,極東開発工業,prime,輸送用機器,自動車・輸送機,small1
7228,デイトナ,standard,輸送用機器,自動車・輸送機,none
7231,トピー工業,prime,輸送用機器,自動車・輸送機,small2
7235,東京ラヂエーター製造,standard,輸送用機器,自動車・輸送機,none
7236,ティラド,prime,輸送用機器,自動車・輸送機,small2
7238,曙ブレーキ工業,prime,輸送用機器,自動車・輸送機,small2
7239,タチエス,prime,輸送用機器,自動車・輸送機,small1
7240,ＮＯＫ,prime,輸送用機器,自動車・輸送機,mid400
7241,フタバ産業,prime,輸送用機器,自動車・輸送機,small1
7242,カヤバ,prime,輸送用機器,自動車・輸送機,small1
7244,市光工業,prime,電気機器,電機・精密,small2
7245,大同メタル工業,prime,輸送用機器,自動車・輸送機,small2
7246,プレス工業,prime,輸送用機器,自動車・輸送機,small1
7247,ミクニ,standard,輸送用機器,自動車・輸送機,none
7254,ユニバンス,standard,輸送用機器,自動車・輸送機,none
7255,桜井製作所,standard,輸送用機器,自動車・輸送機,none
7256,河西工業,standard,輸送用機器,自動車・輸送機,none
7259,アイシン,prime,輸送用機器,自動車・輸送機,mid400
7261,マツダ,prime,輸送用機器,自動車・輸送機,mid400
7264,ムロコーポレーション,standard,輸送用機器,自動車・輸送機,none
7265,エイケン工業,standard,輸送用機器,自動車・輸送機,none
7266,今仙電機製作所,standard,輸送用機器,自動車・輸送機,none
7267,本田技研工業,prime,輸送用機器,自動車・輸送機,core30
7269,スズキ,prime,輸送用機器,自動車・輸送機,large70
7270,ＳＵＢＡＲＵ,prime,輸送用機器,自動車・輸送機,large70
7271,安永,standard,輸送用機器,自動車・輸送機,none
7272,ヤマハ発動機,prime,輸送用機器,自動車・輸送機,mid400
7273,イクヨ,standard,輸送用機器,自動車・輸送機,none
7276,小糸製作所,prime,電気機器,電機・精密,mid400
7277,ＴＢＫ,standard,輸送用機器,自動車・輸送機,none
7278,エクセディ,prime,輸送用機器,自動車・輸送機,small1
7279,ハイレックスコーポレーション,standard,輸送用機器,自動車・輸送機,none
7280,ミツバ,prime,電気機器,電機・精密,small1
7282,豊田合成,prime,輸送用機器,自動車・輸送機,mid400
7283,愛三工業,prime,輸送用機器,自動車・輸送機,small1
7284,盟和産業,standard,輸送用機器,自動車・輸送機,none
7287,日本精機,standard,輸送用機器,自動車・輸送機,none
7291,日本プラスト,standard,輸送用機器,自動車・輸送機,none
7292,村上開明堂,standard,輸送用機器,自動車・輸送機,none
7294,ヨロズ,prime,輸送用機器,自動車・輸送機,small2
7296,エフ・シー・シー,prime,輸送用機器,自動車・輸送機,small1
7297,カーメイト,standard,輸送用機器,自動車・輸送機,none
7299,フジオーゼックス,standard,輸送用機器,自動車・輸送機,none
7305,新家工業,standard,鉄鋼,鉄鋼・非鉄,none
7309,シマノ,prime,輸送用機器,自動車・輸送機,large70
7313,テイ・エス　テック,prime,輸送用機器,自動車・輸送機,mid400
7314,小田原機器,standard,輸送用機器,自動車・輸送機,none
7318,セレンディップ・ホールディングス,growth,輸送用機器,自動車・輸送機,none
7320,Ｓｏｌｖｖｙ,growth,その他金融業,金融（除く銀行）,none
7322,三十三フィナンシャルグループ,prime,銀行業,銀行,small2
7325,アイリックコーポレーション,growth,保険業,金融（除く銀行）,none
7326,ＳＢＩインシュアランスグループ,growth,保険業,金融（除く銀行）,none
7327,第四北越フィナンシャルグループ,prime,銀行業,銀行,small1
7337,ひろぎんホールディングス,prime,銀行業,銀行,mid400
7343,ブロードマインド,growth,保険業,金融（除く銀行）,none
7345,アイ・パートナーズフィナンシャル,growth,その他金融業,金融（除く銀行）,none
7347,マーキュリアホールディングス,prime,証券、商品先物取引業,金融（除く銀行）,none
7350,おきなわフィナンシャルグループ,prime,銀行業,銀行,small1
7351,グッドパッチ,growth,サービス業,情報通信・サービスその他,none
7352,ＴＷＯＳＴＯＮＥ＆Ｓｏｎｓ,growth,サービス業,情報通信・サービスその他,none
7353,ＫＩＹＯラーニング,growth,サービス業,情報通信・サービスその他,none
7354,ダイレクトマーケティングミックス,standard,サービス業,情報通信・サービスその他,small2
7356,Ｒｅｔｔｙ,growth,サービス業,情報通信・サービスその他,none
7357,ジオコード,standard,サービス業,情報通信・サービスその他,none
7358,ポピンズ,standard,サービス業,情報通信・サービスその他,small2
7359,東京通信グループ,growth,サービス業,情報通信・サービスその他,none
7360,オンデック,growth,サービス業,情報通信・サービスその他,none
7361,ヒューマンクリエイションホールディングス,growth,サービス業,情報通信・サービスその他,none
7362,Ｔ．Ｓ．Ｉ,growth,サービス業,情報通信・サービスその他,none
7363,ベビーカレンダー,growth,サービス業,情報通信・サービスその他,none
7366,ＬＩＴＡＬＩＣＯ,prime,サービス業,情報通信・サービスその他,small2
7367,セルム,standard,サービス業,情報通信・サービスその他,none
7368,表示灯,standard,サービス業,情報通信・サービスその他,none
7369,メイホーホールディングス,growth,サービス業,情報通信・サービスその他,none
7370,Ｅｎｊｉｎ,growth,サービス業,情報通信・サービスその他,none
7371,Ｚｅｎｋｅｎ,growth,サービス業,情報通信・サービスその他,none
7372,デコルテ・ホールディングス,growth,サービス業,情報通信・サービスその他,none
7373,アイドマ・ホールディングス,growth,サービス業,情報通信・サービスその他,none
7374,コンフィデンス・インターワークス,growth,サービス業,情報通信・サービスその他,none
7375,リファインバースグループ,growth,サービス業,情報通信・サービスその他,none
7376,ＢＣＣ,growth,サービス業,情報通信・サービスその他,none
7377,ＤＮホールディングス,standard,サービス業,情報通信・サービスその他,none
7378,アシロ,growth,サービス業,情報通信・サービスその他,none
7380,十六フィナンシャルグループ,prime,銀行業,銀行,small1
7381,ＣＣＩグループ,prime,銀行業,銀行,small1
7383,ネットプロテクションズホールディングス,prime,その他金融業,金融（除く銀行）,small1
7384,プロクレアホールディングス,prime,銀行業,銀行,small2
7388,ＦＰパートナー,prime,保険業,金融（除く銀行）,small2
7389,あいちフィナンシャルグループ,prime,銀行業,銀行,small1
7399,ナンシン,standard,輸送用機器,自動車・輸送機,none
7409,ＡｅｒｏＥｄｇｅ,growth,輸送用機器,自動車・輸送機,none
7412,アトム,standard,小売業,小売,none
7413,創健社,standard,卸売業,商社・卸売,none
7414,小野建,prime,卸売業,商社・卸売,small2
7416,はるやまホールディングス,standard,小売業,小売,none
7417,南陽,standard,卸売業,商社・卸売,none
7419,ノジマ,prime,小売業,小売,small1
7421,カッパ・クリエイト,prime,小売業,小売,small1
7422,東邦レマック,standard,卸売業,商社・卸売,none
7425,初穂商事,standard,卸売業,商社・卸売,none
7426,山大,standard,卸売業,商社・卸売,none
7427,エコートレーディング,standard,卸売業,商社・卸売,none
7433,伯東,prime,卸売業,商社・卸売,small1
7434,オータケ,standard,卸売業,商社・卸売,none
7435,ナ・デックス,standard,卸売業,商社・卸売,none
7438,コンドーテック,prime,卸売業,商社・卸売,small2
7442,中山福,standard,卸売業,商社・卸売,none
7443,横浜魚類,standard,卸売業,商社・卸売,none
7444,ハリマ共和物産,standard,卸売業,商社・卸売,none
7446,東北化学薬品,standard,卸売業,商社・卸売,none
7447,ナガイレーベン,prime,卸売業,商社・卸売,small2
7453,良品計画,prime,小売業,小売,mid400
7456,松田産業,prime,卸売業,商社・卸売,small1
7458,第一興商,prime,卸売業,商社・卸売,mid400
7459,メディパルホールディングス,prime,卸売業,商社・卸売,mid400
7460,ヤギ,standard,卸売業,商社・卸売,none
7461,キムラ,standard,卸売業,商社・卸売,none
7462,ＣＡＰＩＴＡ,standard,小売業,小売,none
7463,アドヴァングループ,standard,小売業,小売,small2
7464,セフテック,standard,卸売業,商社・卸売,none
7466,ＳＰＫ,prime,卸売業,商社・卸売,small2
7472,鳥羽洋行,standard,卸売業,商社・卸売,none
7475,アルビス,prime,小売業,小売,small2
7476,アズワン,prime,卸売業,商社・卸売,mid400
7477,ムラキ,standard,卸売業,商社・卸売,none
7480,スズデン,standard,卸売業,商社・卸売,small2
7481,尾家産業,standard,卸売業,商社・卸売,none
7482,シモジマ,prime,卸売業,商社・卸売,small2
7483,ドウシシャ,prime,卸売業,商社・卸売,small2
7486,サンリン,standard,卸売業,商社・卸売,none
7487,小津産業,standard,卸売業,商社・卸売,none
7490,日新商事,standard,卸売業,商社・卸売,none
7494,コナカ,standard,小売業,小売,none
7500,西川計測,standard,卸売業,商社・卸売,none
7501,ティムコ,standard,卸売業,商社・卸売,none
7502,プラザホールディングス,standard,サービス業,情報通信・サービスその他,none
7504,高速,prime,卸売業,商社・卸売,small2
7505,扶桑電通,standard,卸売業,商社・卸売,none
7506,ハウス　オブ　ローゼ,standard,小売業,小売,none
7508,Ｇ‐７ホールディングス,prime,小売業,小売,small2
7509,アイエーグループ,standard,小売業,小売,none
7510,たけびし,prime,卸売業,商社・卸売,small2
7512,イオン北海道,standard,小売業,小売,small1
7513,コジマ,prime,小売業,小売,small1
7514,ヒマラヤ,standard,小売業,小売,none
7515,マルヨシセンター,standard,小売業,小売,none
7516,コーナン商事,prime,小売業,小売,small1
7520,エコス,prime,小売業,小売,small2
7521,ムサシ,standard,卸売業,商社・卸売,none
7522,ワタミ,prime,小売業,小売,small2
7523,アールビバン,standard,小売業,小売,none
7524,マルシェ,standard,小売業,小売,none
7525,リックス,prime,卸売業,商社・卸売,small2
7527,システムソフト,standard,情報・通信業,情報通信・サービスその他,small2
7531,清和中央ホールディングス,standard,卸売業,商社・卸売,none
7532,パン・パシフィック・インターナショナルホールディングス,prime,小売業,小売,mid400
7537,丸文,prime,卸売業,商社・卸売,small2
7538,大水,standard,卸売業,商社・卸売,none
7539,アイナボホールディングス,standard,卸売業,商社・卸売,none
7544,スリーエフ,standard,小売業,小売,none
7545,西松屋チェーン,prime,小売業,小売,small1
7550,ゼンショーホールディングス,prime,小売業,小売,mid400
7551,ウェッズ,standard,輸送用機器,自動車・輸送機,none
7552,ハピネット,prime,卸売業,商社・卸売,small1
7554,幸楽苑,prime,小売業,小売,small2
7555,大田花き,standard,卸売業,商社・卸売,none
7561,ハークスレイホールディングス,standard,小売業,小売,none
7562,安楽亭,standard,小売業,小売,none
7564,ワークマン,standard,小売業,小売,none
7565,萬世電機,standard,卸売業,商社・卸売,none
7567,栄電子,standard,卸売業,商社・卸売,none
7570,橋本総業ホールディングス,standard,卸売業,商社・卸売,small2
7571,ヤマノホールディングス,standard,小売業,小売,none
7575,日本ライフライン,prime,卸売業,商社・卸売,small1
7578,ニチリョク,standard,小売業,小売,none
7581,サイゼリヤ,prime,小売業,小売,small1
7585,かんなん丸,standard,小売業,小売,none
7590,タカショー,standard,卸売業,商社・卸売,small2
7593,ＶＴホールディングス,prime,小売業,小売,small1
7595,アルゴグラフィックス,prime,情報・通信業,情報通信・サービスその他,small1
7596,魚力,prime,小売業,小売,small2
7599,ＩＤＯＭ,prime,卸売業,商社・卸売,small1
7600,日本エム・ディ・エム,prime,精密機器,電機・精密,small2
7601,ポプラ,standard,小売業,小売,none
7602,レダックス,standard,卸売業,商社・卸売,none
7603,ジーイエット,standard,小売業,小売,none
7604,梅の花グループ,standard,小売業,小売,none
7606,ユナイテッドアローズ,prime,小売業,小売,small1
7607,進和,prime,卸売業,商社・卸売,small2
7608,エスケイジャパン,standard,卸売業,商社・卸売,none
7609,ダイトロン,prime,卸売業,商社・卸売,small2
7610,テイツー,standard,小売業,小売,none
7611,ハイデイ日高,prime,小売業,小売,small1
7613,シークス,prime,卸売業,商社・卸売,small1
7614,オーエムツーネットワーク,standard,小売業,小売,none
7615,京都きもの友禅ホールディングス,standard,小売業,小売,none
7616,コロワイド,prime,小売業,小売,mid400
7619,田中商事,standard,卸売業,商社・卸売,none
7621,うかい,standard,小売業,小売,none
7624,ＮａＩＴＯ,standard,卸売業,商社・卸売,none
7625,グローバルダイニング,standard,小売業,小売,none
7628,オーハシテクニカ,prime,卸売業,商社・卸売,small2
7630,壱番屋,prime,小売業,小売,small1
7634,星医療酸器,standard,卸売業,商社・卸売,none
7636,ハンズマン,standard,小売業,小売,none
7637,白銅,prime,卸売業,商社・卸売,small2
7638,ＮＥＷ　ＡＲＴ　ＨＯＬＤＩＮＧＳ,standard,小売業,小売,none
7640,トップカルチャー,standard,小売業,小売,none
7643,ダイイチ,standard,小売業,小売,none
7646,ＰＬＡＮＴ,standard,小売業,小売,none
7649,スギホールディングス,prime,小売業,小売,mid400
7670,オーウエル,standard,卸売業,商社・卸売,none
7673,ダイコー通産,standard,卸売業,商社・卸売,none
7674,ＮＡＴＴＹ　ＳＷＡＮＫＹホールディングス,growth,小売業,小売,none
7677,ヤシマキザイ,standard,卸売業,商社・卸売,none
7678,あさくま,standard,小売業,小売,none
7679,薬王堂ホールディングス,prime,小売業,小売,small2
7681,レオクラン,standard,卸売業,商社・卸売,none
7682,浜木綿,standard,小売業,小売,none
7683,ダブルエー,prime,小売業,小売,small2
7685,ＢｕｙＳｅｌｌ　Ｔｅｃｈｎｏｌｏｇｉｅｓ,growth,卸売業,商社・卸売,none
7686,ひとまいる,standard,小売業,小売,none
7687,ミクリード,growth,卸売業,商社・卸売,none
7689,コパ・コーポレーション,growth,卸売業,商社・卸売,none
7692,アースインフィニティ,standard,電気・ガス業,電力・ガス,none
7694,いつも,growth,小売業,小売,none
7695,交換できるくん,growth,小売業,小売,none
7698,アイスコ,standard,卸売業,商社・卸売,none
7701,島津製作所,prime,精密機器,電機・精密,mid400
7702,ＪＭＳ,standard,精密機器,電機・精密,small2
7707,プレシジョン・システム・サイエンス,growth,精密機器,電機・精密,none
7709,クボテック,standard,精密機器,電機・精密,none
7711,助川電気工業,standard,精密機器,電機・精密,none
7713,シグマ光機,standard,精密機器,電機・精密,none
7715,長野計器,prime,精密機器,電機・精密,small2
7716,ナカニシ,standard,精密機器,電機・精密,none
7717,ブイ・テクノロジー,prime,精密機器,電機・精密,small2
7719,東京衡機,standard,精密機器,電機・精密,none
7721,東京計器,prime,精密機器,電機・精密,small1
7722,国際計測器,standard,精密機器,電機・精密,none
7723,愛知時計電機,prime,精密機器,電機・精密,small2
7725,インターアクション,prime,精密機器,電機・精密,small2
7726,黒田精工,standard,機械,機械,none
7727,オーバル,standard,精密機器,電機・精密,none
7729,東京精密,prime,精密機器,電機・精密,mid400
7730,マニー,prime,精密機器,電機・精密,small1
7731,ニコン,prime,精密機器,電機・精密,mid400
7733,オリンパス,prime,精密機器,電機・精密,large70
7734,理研計器,prime,精密機器,電機・精密,small1
7735,ＳＣＲＥＥＮホールディングス,prime,電気機器,電機・精密,mid400
7740,タムロン,prime,精密機器,電機・精密,small1
7741,ＨＯＹＡ,prime,精密機器,電機・精密,core30
7743,シード,standard,精密機器,電機・精密,none
7744,ノーリツ鋼機,prime,精密機器,電機・精密,small1
7745,Ａ＆Ｄホロンホールディングス,prime,精密機器,電機・精密,small1
7746,岡本硝子,standard,精密機器,電機・精密,none
7747,朝日インテック,prime,精密機器,電機・精密,mid400
7749,メディキット,standard,精密機器,電機・精密,none
7751,キヤノン,prime,電気機器,電機・精密,large70
7752,リコー,prime,電気機器,電機・精密,mid400
7760,ＩＭＶ,standard,精密機器,電機・精密,none
7762,シチズン時計,prime,精密機器,電機・精密,small1
7769,リズム,prime,精密機器,電機・精密,none
7771,日本精密,standard,精密機器,電機・精密,none
7774,ジャパン・ティッシュエンジニアリング,growth,精密機器,電機・精密,none
7775,大研医器,standard,精密機器,電機・精密,none
7776,セルシード,growth,精密機器,電機・精密,none
7777,スリー・ディー・マトリックス,growth,精密機器,電機・精密,none
7779,ＣＹＢＥＲＤＹＮＥ,growth,精密機器,電機・精密,none
7780,メニコン,prime,精密機器,電機・精密,small1
7781,平山ホールディングス,standard,精密機器,電機・精密,none
7782,シンシア,standard,精密機器,電機・精密,none
7791,ドリームベッド,standard,その他製品,情報通信・サービスその他,none
7792,コラントッテ,growth,その他製品,情報通信・サービスその他,none
7793,イメージ・マジック,growth,その他製品,情報通信・サービスその他,none
7794,イーディーピー,growth,その他製品,情報通信・サービスその他,none
7795,ＫＹＯＲＩＴＳＵ,standard,その他製品,情報通信・サービスその他,none
7800,アミファ,standard,その他製品,情報通信・サービスその他,none
7803,ブシロード,growth,その他製品,情報通信・サービスその他,none
7804,ビーアンドピー,standard,その他製品,情報通信・サービスその他,none
7805,プリントネット,standard,その他製品,情報通信・サービスその他,none
7806,ＭＴＧ,growth,その他製品,情報通信・サービスその他,none
7807,幸和製作所,standard,その他製品,情報通信・サービスその他,none
7808,シー・エス・ランバー,standard,その他製品,情報通信・サービスその他,none
7809,壽屋,standard,その他製品,情報通信・サービスその他,none
7810,クロスフォー,standard,その他製品,情報通信・サービスその他,none
7811,中本パックス,standard,その他製品,情報通信・サービスその他,none
7812,クレステック,standard,その他製品,情報通信・サービスその他,none
7813,プラッツ,standard,その他製品,情報通信・サービスその他,none
7814,日本創発グループ,standard,その他製品,情報通信・サービスその他,none
7815,東京ボード工業,standard,その他製品,情報通信・サービスその他,none
7818,トランザクション,prime,その他製品,情報通信・サービスその他,small2
7819,粧美堂,standard,その他製品,情報通信・サービスその他,none
7820,ニホンフラッシュ,prime,その他製品,情報通信・サービスその他,small2
7821,前田工繊,prime,その他製品,情報通信・サービスその他,small1
7822,永大産業,standard,その他製品,情報通信・サービスその他,none
7823,アートネイチャー,standard,その他製品,情報通信・サービスその他,small2
7826,フルヤ金属,prime,その他製品,情報通信・サービスその他,small1
7827,オービス,standard,その他製品,情報通信・サービスその他,none
7831,ウイルコホールディングス,standard,その他製品,情報通信・サービスその他,none
7832,バンダイナムコホールディングス,prime,その他製品,情報通信・サービスその他,large70
7833,アイフィスジャパン,standard,その他製品,情報通信・サービスその他,none
7836,アビックス,standard,その他製品,情報通信・サービスその他,none
7837,アールシーコア,standard,その他製品,情報通信・サービスその他,none
7839,ＳＨＯＥＩ,prime,その他製品,情報通信・サービスその他,small1
7840,フランスベッドホールディングス,prime,その他製品,情報通信・サービスその他,small2
7841,遠藤製作所,standard,その他製品,情報通信・サービスその他,none
7844,マーベラス,prime,情報・通信業,情報通信・サービスその他,small2
7846,パイロットコーポレーション,prime,その他製品,情報通信・サービスその他,mid400
7847,グラファイトデザイン,standard,その他製品,情報通信・サービスその他,none
7849,スターツ出版,standard,情報・通信業,情報通信・サービスその他,none
7850,総合商研,standard,その他製品,情報通信・サービスその他,none
7851,カワセコンピュータサプライ,standard,その他製品,情報通信・サービスその他,none
7856,萩原工業,prime,その他製品,情報通信・サービスその他,small2
7857,セキ,standard,その他製品,情報通信・サービスその他,none
7859,アルメディオ,standard,その他製品,情報通信・サービスその他,none
7860,エイベックス,prime,情報・通信業,情報通信・サービスその他,small1
7863,平賀,standard,その他製品,情報通信・サービスその他,none
7864,フジシールインターナショナル,prime,その他製品,情報通信・サービスその他,small1
7865,ピープル,standard,その他製品,情報通信・サービスその他,none
7867,タカラトミー,prime,その他製品,情報通信・サービスその他,mid400
7868,広済堂ホールディングス,prime,その他製品,情報通信・サービスその他,small2
7871,フクビ化学工業,standard,化学,素材・化学,none
7872,エステールホールディングス,standard,その他製品,情報通信・サービスその他,none
7874,レック,prime,化学,素材・化学,small2
7875,竹田ｉＰホールディングス,standard,その他製品,情報通信・サービスその他,none
7877,永大化工,standard,化学,素材・化学,none
7878,光・彩,standard,その他製品,情報通信・サービスその他,none
7879,ノダ,standard,その他製品,情報通信・サービスその他,none
7883,サンメッセ,standard,その他製品,情報通信・サービスその他,none
7885,タカノ,standard,その他製品,情報通信・サービスその他,none
7886,ヤマト　モビリティ　＆　Ｍｆｇ．,standard,化学,素材・化学,none
7887,南海プライウッド,standard,その他製品,情報通信・サービスその他,none
7888,三光合成,prime,化学,素材・化学,small2
7893,プロネクサス,prime,その他製品,情報通信・サービスその他,small2
7896,セブン工業,standard,その他製品,情報通信・サービスその他,none
7897,ホクシン,standard,その他製品,情報通信・サービスその他,none
7898,ウッドワン,standard,その他製品,情報通信・サービスその他,none
7901,マツモト,standard,その他製品,情報通信・サービスその他,none
7902,ソノコム,standard,その他製品,情報通信・サービスその他,none
7906,ヨネックス,standard,その他製品,情報通信・サービスその他,none
7908,きもと,standard,化学,素材・化学,none
7911,ＴＯＰＰＡＮホールディングス,prime,その他製品,情報通信・サービスその他,mid400
7912,大日本印刷,prime,その他製品,情報通信・サービスその他,mid400
7914,共同印刷,prime,その他製品,情報通信・サービスその他,small2
7915,ＮＩＳＳＨＡ,prime,その他製品,情報通信・サービスその他,small1
7916,光村印刷,standard,その他製品,情報通信・サービスその他,none
7917,ＺＡＣＲＯＳ,prime,化学,素材・化学,small2
7918,ヴィア・ホールディングス,standard,小売業,小売,none
7919,野崎印刷紙業,standard,その他製品,情報通信・サービスその他,none
7921,ＴＡＫＡＲＡ　＆　ＣＯＭＰＡＮＹ,prime,その他製品,情報通信・サービスその他,small2
7927,ムトー精工,standard,化学,素材・化学,none
7928,旭化学工業,standard,化学,素材・化学,none
7931,未来工業,prime,化学,素材・化学,small2
7932,ニッピ,standard,その他製品,情報通信・サービスその他,none
7936,アシックス,prime,その他製品,情報通信・サービスその他,large70
7937,ツツミ,standard,その他製品,情報通信・サービスその他,small2
7938,リーガルコーポレーション,standard,その他製品,情報通信・サービスその他,none
7939,研創,standard,その他製品,情報通信・サービスその他,none
7942,ＪＳＰ,prime,化学,素材・化学,small2
7943,ニチハ,prime,ガラス・土石製品,建設・資材,small1
7944,ローランド,prime,その他製品,情報通信・サービスその他,small1
7946,光陽社,standard,その他製品,情報通信・サービスその他,none
7947,エフピコ,prime,化学,素材・化学,small1
7949,小松ウオール工業,prime,その他製品,情報通信・サービスその他,small2
7951,ヤマハ,prime,その他製品,情報通信・サービスその他,mid400
7952,河合楽器製作所,prime,その他製品,情報通信・サービスその他,small2
7953,菊水化学工業,standard,その他製品,情報通信・サービスその他,none
7955,クリナップ,prime,その他製品,情報通信・サービスその他,small2
7956,ピジョン,prime,その他製品,情報通信・サービスその他,mid400
7957,フジコピアン,standard,その他製品,情報通信・サービスその他,none
7962,キングジム,prime,その他製品,情報通信・サービスその他,small2
7963,興研,standard,その他製品,情報通信・サービスその他,none
7965,象印マホービン,prime,電気機器,電機・精密,small1
7966,リンテック,prime,その他製品,情報通信・サービスその他,small1
7970,信越ポリマー,prime,化学,素材・化学,small1
7971,東リ,standard,化学,素材・化学,none
7972,イトーキ,prime,その他製品,情報通信・サービスその他,small1
7974,任天堂,prime,その他製品,情報通信・サービスその他,core30
7975,リヒトラブ,standard,その他製品,情報通信・サービスその他,none
7976,三菱鉛筆,prime,その他製品,情報通信・サービスその他,small1
7979,松風,prime,精密機器,電機・精密,small2
7980,重松製作所,standard,その他製品,情報通信・サービスその他,none
7981,タカラスタンダード,prime,その他製品,情報通信・サービスその他,small1
7983,ミロク,standard,その他製品,情報通信・サービスその他,none
7984,コクヨ,prime,その他製品,情報通信・サービスその他,mid400
7985,ネポン,standard,金属製品,建設・資材,none
7986,日本アイ・エス・ケイ,standard,その他製品,情報通信・サービスその他,none
7987,ナカバヤシ,standard,その他製品,情報通信・サービスその他,small2
7988,ニフコ,prime,化学,素材・化学,mid400
7989,立川ブラインド工業,prime,金属製品,建設・資材,small2
7990,グローブライド,prime,その他製品,情報通信・サービスその他,small1
7991,マミヤ・オーピー,standard,機械,機械,none
7992,セーラー万年筆,standard,その他製品,情報通信・サービスその他,none
7994,オカムラ,prime,その他製品,情報通信・サービスその他,small1
7995,バルカー,prime,化学,素材・化学,small1
7997,くろがね工作所,standard,その他製品,情報通信・サービスその他,none
8001,伊藤忠商事,prime,卸売業,商社・卸売,core30
8002,丸紅,prime,卸売業,商社・卸売,large70
8005,スクロール,prime,小売業,小売,small2
8006,ユアサ・フナショク,standard,卸売業,商社・卸売,none
8007,高島,prime,卸売業,商社・卸売,none
8008,ヨンドシーホールディングス,prime,小売業,小売,small1
8011,三陽商会,prime,繊維製品,素材・化学,small2
8012,長瀬産業,prime,卸売業,商社・卸売,mid400
8013,ナイガイ,standard,繊維製品,素材・化学,none
8014,蝶理,prime,卸売業,商社・卸売,small2
8015,豊田通商,prime,卸売業,商社・卸売,large70
8016,オンワードホールディングス,prime,繊維製品,素材・化学,small1
8018,三共生興,standard,卸売業,商社・卸売,small2
8020,兼松,prime,卸売業,商社・卸売,mid400
8022,美津濃,prime,その他製品,情報通信・サービスその他,small1
8023,ＤＡＩＫＯ　ＸＴＥＣＨ,standard,情報・通信業,情報通信・サービスその他,none
8025,ツカモトコーポレーション,standard,卸売業,商社・卸売,none
8029,ルックホールディングス,standard,繊維製品,素材・化学,small2
8030,中央魚類,standard,卸売業,商社・卸売,none
8031,三井物産,prime,卸売業,商社・卸売,core30
8032,日本紙パルプ商事,prime,卸売業,商社・卸売,small2
8035,東京エレクトロン,prime,電気機器,電機・精密,core30
8037,カメイ,prime,卸売業,商社・卸売,small2
8039,築地魚市場,standard,卸売業,商社・卸売,none
8040,東京ソワール,standard,繊維製品,素材・化学,none
8041,ＯＵＧホールディングス,standard,卸売業,商社・卸売,none
8043,スターゼン,prime,卸売業,商社・卸売,small2
8045,横浜丸魚,standard,卸売業,商社・卸売,none
8046,丸藤シートパイル,standard,卸売業,商社・卸売,none
8050,セイコーグループ,prime,精密機器,電機・精密,small1
8051,山善,prime,卸売業,商社・卸売,small1
8052,椿本興業,prime,卸売業,商社・卸売,small2
8053,住友商事,prime,卸売業,商社・卸売,large70
8056,ＢＩＰＲＯＧＹ,prime,情報・通信業,情報通信・サービスその他,mid400
8057,内田洋行,prime,卸売業,商社・卸売,small1
8058,三菱商事,prime,卸売業,商社・卸売,core30
8059,第一実業,prime,卸売業,商社・卸売,small2
8060,キヤノンマーケティングジャパン,prime,卸売業,商社・卸売,mid400
8061,西華産業,prime,卸売業,商社・卸売,small1
8065,佐藤商事,prime,卸売業,商社・卸売,small2
8066,三谷商事,standard,卸売業,商社・卸売,none
8070,東京産業,prime,卸売業,商社・卸売,small2
8074,ＹＵＡＳＡ,prime,卸売業,商社・卸売,small1
8075,神鋼商事,prime,卸売業,商社・卸売,small2
8076,カノークス,standard,卸売業,商社・卸売,none
8077,トルク,standard,卸売業,商社・卸売,none
8078,阪和興業,prime,卸売業,商社・卸売,small1
8079,正栄食品工業,prime,卸売業,商社・卸売,small1
8081,カナデン,prime,卸売業,商社・卸売,small2
8084,ＲＹＯＤＥＮ,prime,卸売業,商社・卸売,small2
8085,ナラサキ産業,standard,卸売業,商社・卸売,none
8086,ニプロ,prime,精密機器,電機・精密,mid400
8088,岩谷産業,prime,卸売業,商社・卸売,mid400
8089,ナイス,standard,卸売業,商社・卸売,none
8091,ニチモウ,prime,卸売業,商社・卸売,none
8093,極東貿易,prime,卸売業,商社・卸売,small2
8095,アステナホールディングス,prime,卸売業,商社・卸売,small2
8097,三愛オブリ,prime,卸売業,商社・卸売,small1
8098,稲畑産業,prime,卸売業,商社・卸売,small1
8101,ＧＳＩクレオス,prime,卸売業,商社・卸売,small2
8103,明和産業,prime,卸売業,商社・卸売,small2
8104,クワザワホールディングス,standard,卸売業,商社・卸売,none
8105,Ｂｉｔｃｏｉｎ　Ｊａｐａｎ,standard,卸売業,商社・卸売,none
8107,キムラタン,standard,繊維製品,素材・化学,none
8111,ゴールドウイン,prime,繊維製品,素材・化学,mid400
8113,ユニ・チャーム,prime,化学,素材・化学,large70
8115,ムーンバット,standard,卸売業,商社・卸売,none
8117,中央自動車工業,standard,卸売業,商社・卸売,none
8118,キング,standard,繊維製品,素材・化学,none
8119,三栄コーポレーション,standard,卸売業,商社・卸売,none
8123,川辺,standard,卸売業,商社・卸売,none
8125,ワキタ,prime,卸売業,商社・卸売,small1
8127,ヤマトインターナショナル,standard,繊維製品,素材・化学,none
8129,東邦ホールディングス,prime,卸売業,商社・卸売,mid400
8130,サンゲツ,prime,卸売業,商社・卸売,small1
8131,ミツウロコグループホールディングス,standard,卸売業,商社・卸売,small2
8132,シナネンホールディングス,prime,卸売業,商社・卸売,small2
8133,伊藤忠エネクス,prime,卸売業,商社・卸売,small1
8135,ゼット,standard,卸売業,商社・卸売,none
8136,サンリオ,prime,卸売業,商社・卸売,mid400
8137,サンワテクノス,prime,卸売業,商社・卸売,small2
8138,三京化成,standard,卸売業,商社・卸売,none
8139,ナガホリ,standard,卸売業,商社・卸売,none
8141,新光商事,prime,卸売業,商社・卸売,small2
8142,トーホー,prime,卸売業,商社・卸売,small2
8143,ラピーヌ,standard,繊維製品,素材・化学,none
8144,デンキョーグループホールディングス,standard,卸売業,商社・卸売,none
8147,トミタ,standard,卸売業,商社・卸売,none
8150,三信電気,prime,卸売業,商社・卸売,small2
8151,東陽テクニカ,prime,卸売業,商社・卸売,small2
8152,ソマール,standard,卸売業,商社・卸売,none
8153,モスフードサービス,prime,卸売業,商社・卸売,small1
8154,加賀電子,prime,卸売業,商社・卸売,small1
8157,都築電気,prime,情報・通信業,情報通信・サービスその他,small2
8158,ソーダニッカ,prime,卸売業,商社・卸売,small2
8159,立花エレテック,prime,卸売業,商社・卸売,small2
8160,木曽路,prime,小売業,小売,small1
8163,ＳＲＳホールディングス,prime,小売業,小売,small2
8165,千趣会,standard,小売業,小売,small2
8166,タカキュー,standard,小売業,小売,none
8167,リテールパートナーズ,prime,小売業,小売,small2
8173,Ｊｏｓｈｉｎ,prime,小売業,小売,small1
8174,日本瓦斯,prime,小売業,小売,mid400
8179,ロイヤルホールディングス,prime,小売業,小売,small1
8181,東天紅,standard,小売業,小売,none
8185,チヨダ,prime,小売業,小売,small2
8194,ライフコーポレーション,prime,小売業,小売,small1
8198,マックスバリュ東海,standard,小売業,小売,none
8200,リンガーハット,prime,小売業,小売,small1
8202,ラオックスホールディングス,standard,小売業,小売,none
8203,ＭｒＭａｘＨＤ,prime,小売業,小売,small2
8207,テンアライド,standard,小売業,小売,none
8214,ＡＯＫＩホールディングス,prime,小売業,小売,small1
8217,オークワ,prime,小売業,小売,small2
8218,コメリ,prime,小売業,小売,small1
8219,青山商事,prime,小売業,小売,small1
8225,タカチホ,standard,卸売業,商社・卸売,none
8226,理経,standard,卸売業,商社・卸売,none
8227,しまむら,prime,小売業,小売,mid400
8230,はせがわ,standard,小売業,小売,none
8233,高島屋,prime,小売業,小売,mid400
8237,松屋,prime,小売業,小売,small1
8242,エイチ・ツー・オー　リテイリング,prime,小売業,小売,mid400
8244,近鉄百貨店,standard,小売業,小売,small2
8247,大和,standard,小売業,小売,none
8252,丸井グループ,prime,小売業,小売,mid400
8253,クレディセゾン,prime,その他金融業,金融（除く銀行）,mid400
8254,さいか屋,standard,小売業,小売,none
8255,アクシアル　リテイリング,prime,小売業,小売,small2
8260,井筒屋,standard,小売業,小売,none
8267,イオン,prime,小売業,小売,large70
8273,イズミ,prime,小売業,小売,small1
8275,フォーバル,standard,卸売業,商社・卸売,small2
8276,平和堂,prime,小売業,小売,small1
8278,フジ,prime,小売業,小売,small1
8281,ゼビオホールディングス,prime,小売業,小売,small1
8282,ケーズホールディングス,prime,小売業,小売,mid400
8283,ＰＡＬＴＡＣ,prime,卸売業,商社・卸売,none
8285,三谷産業,standard,卸売業,商社・卸売,small2
8291,日産東京販売ホールディングス,standard,小売業,小売,none
8303,ＳＢＩ新生銀行,prime,銀行業,銀行,mid400
8304,あおぞら銀行,prime,銀行業,銀行,mid400
8306,三菱ＵＦＪフィナンシャル・グループ,prime,銀行業,銀行,core30
8308,りそなホールディングス,prime,銀行業,銀行,large70
8309,三井住友トラストグループ,prime,銀行業,銀行,large70
8316,三井住友フィナンシャルグループ,prime,銀行業,銀行,core30
8331,千葉銀行,prime,銀行業,銀行,mid400
8334,群馬銀行,prime,銀行業,銀行,mid400
8336,武蔵野銀行,prime,銀行業,銀行,small1
8337,千葉興業銀行,prime,銀行業,銀行,small1
8338,筑波銀行,prime,銀行業,銀行,small2
8341,七十七銀行,prime,銀行業,銀行,mid400
8343,秋田銀行,prime,銀行業,銀行,small2
8344,山形銀行,prime,銀行業,銀行,small2
8345,岩手銀行,prime,銀行業,銀行,small2
8346,東邦銀行,prime,銀行業,銀行,small1
8349,東北銀行,standard,銀行業,銀行,none
8354,ふくおかフィナンシャルグループ,prime,銀行業,銀行,mid400
8358,スルガ銀行,prime,銀行業,銀行,small1
8359,八十二長野銀行,prime,銀行業,銀行,mid400
8360,山梨中央銀行,prime,銀行業,銀行,small1
8361,大垣共立銀行,prime,銀行業,銀行,small1
8362,福井銀行,prime,銀行業,銀行,small2
8364,清水銀行,prime,銀行業,銀行,small2
8365,富山銀行,standard,銀行業,銀行,none
8366,滋賀銀行,prime,銀行業,銀行,small1
8367,南都銀行,prime,銀行業,銀行,small1
8368,百五銀行,prime,銀行業,銀行,small1
8370,紀陽銀行,prime,銀行業,銀行,small1
8377,ほくほくフィナンシャルグループ,prime,銀行業,銀行,mid400
8381,山陰合同銀行,prime,銀行業,銀行,small1
8383,鳥取銀行,standard,銀行業,銀行,none
8386,百十四銀行,prime,銀行業,銀行,small1
8387,四国銀行,prime,銀行業,銀行,small2
8388,阿波銀行,prime,銀行業,銀行,small1
8392,大分銀行,prime,銀行業,銀行,small2
8393,宮崎銀行,prime,銀行業,銀行,small2
8395,佐賀銀行,prime,銀行業,銀行,small2
8399,琉球銀行,prime,銀行業,銀行,small1
8410,セブン銀行,prime,銀行業,銀行,mid400
8411,みずほフィナンシャルグループ,prime,銀行業,銀行,core30
8416,高知銀行,standard,銀行業,銀行,none
8418,山口フィナンシャルグループ,prime,銀行業,銀行,mid400
8424,芙蓉総合リース,prime,その他金融業,金融（除く銀行）,mid400
8425,みずほリース,prime,その他金融業,金融（除く銀行）,small1
8439,東京センチュリー,prime,その他金融業,金融（除く銀行）,mid400
8473,ＳＢＩホールディングス,prime,証券、商品先物取引業,金融（除く銀行）,mid400
8508,Ｊトラスト,standard,その他金融業,金融（除く銀行）,none
8511,日本証券金融,prime,その他金融業,金融（除く銀行）,small1
8518,日本アジア投資,standard,証券、商品先物取引業,金融（除く銀行）,none
8522,名古屋銀行,prime,銀行業,銀行,small1
8524,北洋銀行,prime,銀行業,銀行,small1
8537,大光銀行,standard,銀行業,銀行,none
8541,愛媛銀行,prime,銀行業,銀行,small2
8542,トマト銀行,standard,銀行業,銀行,none
8544,京葉銀行,prime,銀行業,銀行,small1
8550,栃木銀行,prime,銀行業,銀行,small2
8551,北日本銀行,prime,銀行業,銀行,small2
8558,東和銀行,prime,銀行業,銀行,small2
8562,福島銀行,standard,銀行業,銀行,none
8563,大東銀行,standard,銀行業,銀行,none
8566,リコーリース,prime,その他金融業,金融（除く銀行）,small1
8570,イオンフィナンシャルサービス,prime,その他金融業,金融（除く銀行）,mid400
8572,アコム,standard,その他金融業,金融（除く銀行）,mid400
8584,ジャックス,prime,その他金融業,金融（除く銀行）,small1
8585,オリエントコーポレーション,prime,その他金融業,金融（除く銀行）,small1
8591,オリックス,prime,その他金融業,金融（除く銀行）,large70
8593,三菱ＨＣキャピタル,prime,その他金融業,金融（除く銀行）,mid400
8595,ジャフコ　グループ,prime,証券、商品先物取引業,金融（除く銀行）,mid400
8596,九州リースサービス,standard,その他金融業,金融（除く銀行）,none
8600,トモニホールディングス,prime,銀行業,銀行,small1
8601,大和証券グループ本社,prime,証券、商品先物取引業,金融（除く銀行）,mid400
8604,野村ホールディングス,prime,証券、商品先物取引業,金融（除く銀行）,large70
8609,岡三証券グループ,prime,証券、商品先物取引業,金融（除く銀行）,small1
8613,丸三証券,prime,証券、商品先物取引業,金融（除く銀行）,small1
8614,東洋証券,prime,証券、商品先物取引業,金融（除く銀行）,small2
8616,東海東京フィナンシャル・ホールディングス,prime,証券、商品先物取引業,金融（除く銀行）,small1
8617,光世証券,standard,証券、商品先物取引業,金融（除く銀行）,none
8622,水戸証券,prime,証券、商品先物取引業,金融（除く銀行）,small2
8624,いちよし証券,prime,証券、商品先物取引業,金融（除く銀行）,small2
8628,松井証券,prime,証券、商品先物取引業,金融（除く銀行）,small1
8630,ＳＯＭＰＯホールディングス,prime,保険業,金融（除く銀行）,large70
8697,日本取引所グループ,prime,その他金融業,金融（除く銀行）,large70
8698,マネックスグループ,prime,証券、商品先物取引業,金融（除く銀行）,small1
8699,ＨＳホールディングス,standard,証券、商品先物取引業,金融（除く銀行）,none
8700,丸八証券,standard,証券、商品先物取引業,金融（除く銀行）,none
8704,トレイダーズホールディングス,standard,証券、商品先物取引業,金融（除く銀行）,none
8705,日産証券グループ,standard,証券、商品先物取引業,金融（除く銀行）,none
8706,極東証券,prime,証券、商品先物取引業,金融（除く銀行）,small1
8707,岩井コスモホールディングス,prime,証券、商品先物取引業,金融（除く銀行）,small1
8708,アイザワ証券グループ,prime,証券、商品先物取引業,金融（除く銀行）,small2
8713,フィデアホールディングス,prime,銀行業,銀行,small2
8714,池田泉州ホールディングス,prime,銀行業,銀行,small1
8715,アニコム　ホールディングス,prime,保険業,金融（除く銀行）,small1
8725,ＭＳ＆ＡＤインシュアランスグループホールディングス,prime,保険業,金融（除く銀行）,large70
8729,ソニーフィナンシャルグループ,prime,保険業,金融（除く銀行）,core30
8737,あかつき本社,standard,証券、商品先物取引業,金融（除く銀行）,none
8739,スパークス・グループ,prime,証券、商品先物取引業,金融（除く銀行）,small2
8742,小林洋行,standard,証券、商品先物取引業,金融（除く銀行）,none
8746,ｕｎｂａｎｋｅｄ,standard,証券、商品先物取引業,金融（除く銀行）,none
8747,豊トラスティ証券,standard,証券、商品先物取引業,金融（除く銀行）,none
8750,第一ライフグループ,prime,保険業,金融（除く銀行）,large70
8766,東京海上ホールディングス,prime,保険業,金融（除く銀行）,core30
8769,アドバンテッジリスクマネジメント,standard,サービス業,情報通信・サービスその他,none
8771,イー・ギャランティ,prime,その他金融業,金融（除く銀行）,small1
8772,アサックス,standard,その他金融業,金融（除く銀行）,none
8783,ａｂｃ,standard,その他金融業,金融（除く銀行）,none
8789,フィンテック　グローバル,standard,その他金融業,金融（除く銀行）,none
8793,ＮＥＣキャピタルソリューション,prime,その他金融業,金融（除く銀行）,small2
8795,Ｔ＆Ｄホールディングス,prime,保険業,金融（除く銀行）,mid400
8798,アドバンスクリエイト,prime,保険業,金融（除く銀行）,small2
8801,三井不動産,prime,不動産業,不動産,large70
8802,三菱地所,prime,不動産業,不動産,large70
8803,平和不動産,prime,不動産業,不動産,small1
8804,東京建物,prime,不動産業,不動産,mid400
8818,京阪神ビルディング,prime,不動産業,不動産,small2
8830,住友不動産,prime,不動産業,不動産,large70
8835,太平洋興発,standard,卸売業,商社・卸売,none
8836,ＲＩＳＥ,standard,不動産業,不動産,none
8841,テーオーシー,standard,不動産業,不動産,small2
8844,コスモスイニシア,standard,不動産業,不動産,none
8848,レオパレス２１,prime,不動産業,不動産,small1
8850,スターツコーポレーション,prime,不動産業,不動産,small1
8860,フジ住宅,prime,不動産業,不動産,small2
8864,空港施設,standard,不動産業,不動産,small2
8869,明和地所,standard,不動産業,不動産,small2
8871,ゴールドクレスト,standard,不動産業,不動産,small1
8876,リログループ,prime,サービス業,情報通信・サービスその他,mid400
8877,エスリード,prime,不動産業,不動産,small2
8881,日神グループホールディングス,prime,不動産業,不動産,small2
8887,シーラホールディングス,standard,不動産業,不動産,none
8891,ＡＭＧホールディングス,standard,不動産業,不動産,none
8892,エスコン,prime,不動産業,不動産,small1
8894,ＲＥＶＯＬＵＴＩＯＮ,standard,不動産業,不動産,none
8897,ＭＩＲＡＲＴＨホールディングス,prime,不動産業,不動産,small1
8898,センチュリー２１・ジャパン,standard,不動産業,不動産,none
8904,ＡＶＡＮＴＩＡ,standard,不動産業,不動産,none
8908,毎日コムネット,standard,不動産業,不動産,none
8912,エリアクエスト,standard,不動産業,不動産,none
8914,エリアリンク,standard,不動産業,不動産,none
8917,ファースト住建,standard,不動産業,不動産,none
8918,ランド,standard,不動産業,不動産,small2
8919,カチタス,prime,不動産業,不動産,small1
8920,東祥,standard,サービス業,情報通信・サービスその他,small2
8923,トーセイ,prime,不動産業,不動産,small1
8927,明豊エンタープライズ,standard,不動産業,不動産,none
8928,穴吹興産,standard,不動産業,不動産,none
8929,青山財産ネットワークス,standard,不動産業,不動産,none
8931,和田興産,standard,不動産業,不動産,none
8934,サンフロンティア不動産,prime,不動産業,不動産,small1
8935,ＦＪネクストホールディングス,prime,不動産業,不動産,small2
8938,グローム・ホールディングス,growth,不動産業,不動産,none
8944,ランドビジネス,standard,不動産業,不動産,none
8945,サンネクスタグループ,standard,不動産業,不動産,none
8946,ＡＳＩＡＮ　ＳＴＡＲ,standard,不動産業,不動産,none
8995,誠建設工業,standard,不動産業,不動産,none
8996,ハウスフリーダム,standard,不動産業,不動産,none
8999,グランディハウス,prime,不動産業,不動産,small2
9001,東武鉄道,prime,陸運業,運輸・物流,mid400
9003,相鉄ホールディングス,prime,陸運業,運輸・物流,mid400
9005,東急,prime,陸運業,運輸・物流,mid400
9006,京浜急行電鉄,prime,陸運業,運輸・物流,mid400
9007,小田急電鉄,prime,陸運業,運輸・物流,mid400
9008,京王電鉄,prime,陸運業,運輸・物流,mid400
9009,京成電鉄,prime,陸運業,運輸・物流,mid400
9010,富士急行,prime,陸運業,運輸・物流,small1
9012,秩父鉄道,standard,陸運業,運輸・物流,none
9017,新潟交通,standard,陸運業,運輸・物流,none
9020,東日本旅客鉄道,prime,陸運業,運輸・物流,large70
9021,西日本旅客鉄道,prime,陸運業,運輸・物流,large70
9022,東海旅客鉄道,prime,陸運業,運輸・物流,large70
9023,東京地下鉄,prime,陸運業,運輸・物流,mid400
9024,西武ホールディングス,prime,陸運業,運輸・物流,mid400
9025,鴻池運輸,prime,陸運業,運輸・物流,small1
9028,ゼロ,standard,陸運業,運輸・物流,none
9029,ヒガシホールディングス,standard,陸運業,運輸・物流,none
9031,西日本鉄道,prime,陸運業,運輸・物流,mid400
9033,広島電鉄,standard,陸運業,運輸・物流,none
9034,南総通運,standard,陸運業,運輸・物流,none
9036,東部ネットワーク,standard,陸運業,運輸・物流,none
9037,ハマキョウレックス,prime,陸運業,運輸・物流,small1
9039,サカイ引越センター,prime,陸運業,運輸・物流,small1
9041,近鉄グループホールディングス,prime,陸運業,運輸・物流,mid400
9042,阪急阪神ホールディングス,prime,陸運業,運輸・物流,mid400
9044,ＮＡＮＫＡＩ,prime,陸運業,運輸・物流,mid400
9045,京阪ホールディングス,prime,陸運業,運輸・物流,mid400
9046,神戸電鉄,standard,陸運業,運輸・物流,small2
9048,名古屋鉄道,prime,陸運業,運輸・物流,mid400
9049,京福電気鉄道,standard,陸運業,運輸・物流,none
9051,センコン物流,standard,陸運業,運輸・物流,none
9052,山陽電気鉄道,prime,陸運業,運輸・物流,small2
9057,遠州トラック,standard,陸運業,運輸・物流,none
9059,カンダホールディングス,standard,陸運業,運輸・物流,none
9060,日本ロジテム,standard,陸運業,運輸・物流,none
9063,岡山県貨物運送,standard,陸運業,運輸・物流,none
9064,ヤマトホールディングス,prime,陸運業,運輸・物流,mid400
9065,山九,prime,陸運業,運輸・物流,mid400
9068,丸全昭和運輸,prime,陸運業,運輸・物流,small1
9069,センコーグループホールディングス,prime,陸運業,運輸・物流,mid400
9072,ニッコンホールディングス,prime,陸運業,運輸・物流,mid400
9073,京極運輸商事,standard,陸運業,運輸・物流,none
9074,日本石油輸送,standard,陸運業,運輸・物流,none
9075,福山通運,prime,陸運業,運輸・物流,small1
9076,セイノーホールディングス,prime,陸運業,運輸・物流,mid400
9081,神奈川中央交通,prime,陸運業,運輸・物流,small2
9082,大和自動車交通,standard,陸運業,運輸・物流,none
9083,神姫バス,standard,陸運業,運輸・物流,none
9087,タカセ,standard,陸運業,運輸・物流,none
9090,ＡＺ－ＣＯＭ丸和ホールディングス,prime,陸運業,運輸・物流,small1
9101,日本郵船,prime,海運業,運輸・物流,large70
9104,商船三井,prime,海運業,運輸・物流,large70
9107,川崎汽船,prime,海運業,運輸・物流,mid400
9110,ＮＳユナイテッド海運,prime,海運業,運輸・物流,small1
9115,明海グループ,standard,海運業,運輸・物流,none
9119,飯野海運,prime,海運業,運輸・物流,small1
9127,玉井商船,standard,海運業,運輸・物流,none
9130,共栄タンカー,standard,海運業,運輸・物流,none
9142,九州旅客鉄道,prime,陸運業,運輸・物流,mid400
9143,ＳＧホールディングス,prime,陸運業,運輸・物流,mid400
9145,ビーイングホールディングス,standard,陸運業,運輸・物流,none
9147,ＮＩＰＰＯＮ　ＥＸＰＲＥＳＳホールディングス,prime,陸運業,運輸・物流,mid400
9158,シーユーシー,growth,サービス業,情報通信・サービスその他,none
9159,Ｗ　ＴＯＫＹＯ,growth,サービス業,情報通信・サービスその他,none
9160,オンザページ,standard,サービス業,情報通信・サービスその他,none
9162,ブリーチ,growth,サービス業,情報通信・サービスその他,none
9163,ナレルグループ,growth,サービス業,情報通信・サービスその他,none
9165,クオルテック,growth,サービス業,情報通信・サービスその他,none
9166,ＧＥＮＤＡ,growth,サービス業,情報通信・サービスその他,none
9168,ライズ・コンサルティング・グループ,growth,サービス業,情報通信・サービスその他,none
9171,栗林商船,standard,海運業,運輸・物流,none
9173,東海汽船,standard,海運業,運輸・物流,none
9193,東京汽船,standard,倉庫・運輸関連業,運輸・物流,none
9201,日本航空,prime,空運業,運輸・物流,mid400
9202,ＡＮＡホールディングス,prime,空運業,運輸・物流,large70
9204,スカイマーク,growth,空運業,運輸・物流,none
9206,スターフライヤー,standard,空運業,運輸・物流,none
9211,エフ・コード,growth,サービス業,情報通信・サービスその他,none
9212,Ｇｒｅｅｎ　Ｅａｒｔｈ　Ｉｎｓｔｉｔｕｔｅ,growth,サービス業,情報通信・サービスその他,none
9213,セイファート,standard,サービス業,情報通信・サービスその他,none
9214,Ｒｅｃｏｖｅｒｙ　Ｉｎｔｅｒｎａｔｉｏｎａｌ,growth,サービス業,情報通信・サービスその他,none
9215,ＣａＳｙ,growth,サービス業,情報通信・サービスその他,none
9216,ビーウィズ,prime,サービス業,情報通信・サービスその他,small2
9218,メンタルヘルステクノロジーズ,growth,サービス業,情報通信・サービスその他,none
9219,ギックス,growth,サービス業,情報通信・サービスその他,none
9220,エフビー介護サービス,standard,サービス業,情報通信・サービスその他,none
9221,フルハシＥＰＯ,standard,サービス業,情報通信・サービスその他,none
9223,ＡＳＮＯＶＡ,growth,サービス業,情報通信・サービスその他,none
9225,ブリッジコンサルティンググループ,growth,サービス業,情報通信・サービスその他,none
9227,マイクロ波化学,growth,サービス業,情報通信・サービスその他,none
9229,サンウェルズ,prime,サービス業,情報通信・サービスその他,small2
9233,アジア航測,standard,空運業,運輸・物流,none
9235,売れるネット広告社グループ,growth,サービス業,情報通信・サービスその他,none
9236,ジャパンＭ＆Ａソリューション,growth,サービス業,情報通信・サービスその他,none
9237,笑美面,growth,サービス業,情報通信・サービスその他,none
9238,バリュークリエーション,growth,サービス業,情報通信・サービスその他,none
9240,デリバリーコンサルティング,growth,サービス業,情報通信・サービスその他,none
9241,フューチャーリンクネットワーク,growth,サービス業,情報通信・サービスその他,none
9242,メディア総研,growth,サービス業,情報通信・サービスその他,none
9244,デジタリフト,growth,サービス業,情報通信・サービスその他,none
9245,リベロ,growth,サービス業,情報通信・サービスその他,none
9246,プロジェクトホールディングス,growth,サービス業,情報通信・サービスその他,none
9247,ＴＲＥホールディングス,prime,サービス業,情報通信・サービスその他,small1
9248,人・夢・技術グループ,standard,サービス業,情報通信・サービスその他,small2
9249,日本エコシステム,standard,サービス業,情報通信・サービスその他,none
9250,ＧＲＣＳ,growth,サービス業,情報通信・サービスその他,none
9251,ＡＢ＆Ｃｏｍｐａｎｙ,growth,サービス業,情報通信・サービスその他,none
9252,ラストワンマイル,growth,サービス業,情報通信・サービスその他,none
9253,スローガン,growth,サービス業,情報通信・サービスその他,none
9254,ラバブルマーケティンググループ,growth,サービス業,情報通信・サービスその他,none
9256,サクシード,growth,サービス業,情報通信・サービスその他,none
9258,ＣＳ－Ｃ,growth,サービス業,情報通信・サービスその他,none
9259,タカヨシホールディングス,growth,サービス業,情報通信・サービスその他,none
9262,シルバーライフ,standard,小売業,小売,small2
9264,ポエック,standard,卸売業,商社・卸売,none
9265,ヤマシタヘルスケアホールディングス,standard,卸売業,商社・卸売,none
9267,Ｇｅｎｋｙ　ＤｒｕｇＳｔｏｒｅｓ,prime,小売業,小売,small1
9268,オプティマスグループ,standard,卸売業,商社・卸売,none
9270,バリュエンスホールディングス,growth,卸売業,商社・卸売,none
9271,和心,growth,小売業,小売,none
9272,ブティックス,growth,サービス業,情報通信・サービスその他,none
9273,コーア商事ホールディングス,prime,卸売業,商社・卸売,small2
9274,ＫＰＰグループホールディングス,prime,卸売業,商社・卸売,small1
9278,ブックオフグループホールディングス,prime,小売業,小売,small2
9279,ギフトホールディングス,prime,小売業,小売,small2
9301,三菱倉庫,prime,倉庫・運輸関連業,運輸・物流,mid400
9302,三井倉庫ホールディングス,prime,倉庫・運輸関連業,運輸・物流,mid400
9303,住友倉庫,prime,倉庫・運輸関連業,運輸・物流,small1
9304,澁澤倉庫,prime,倉庫・運輸関連業,運輸・物流,small2
9305,ヤマタネ,prime,卸売業,商社・卸売,small2
9306,東陽倉庫,standard,倉庫・運輸関連業,運輸・物流,none
9307,杉村倉庫,standard,倉庫・運輸関連業,運輸・物流,none
9308,乾汽船,standard,海運業,運輸・物流,small2
9310,日本トランスシティ,prime,倉庫・運輸関連業,運輸・物流,small2
9311,アサガミ,standard,倉庫・運輸関連業,運輸・物流,none
9312,ケイヒン,standard,倉庫・運輸関連業,運輸・物流,none
9313,丸八倉庫,standard,倉庫・運輸関連業,運輸・物流,none
9319,中央倉庫,prime,倉庫・運輸関連業,運輸・物流,small2
9322,川西倉庫,standard,倉庫・運輸関連業,運輸・物流,none
9324,安田倉庫,prime,倉庫・運輸関連業,運輸・物流,small2
9325,ファイズホールディングス,standard,倉庫・運輸関連業,運輸・物流,none
9326,関通ホールディングス,growth,倉庫・運輸関連業,運輸・物流,none
9327,イー・ロジット,standard,倉庫・運輸関連業,運輸・物流,none
9330,揚羽,growth,サービス業,情報通信・サービスその他,none
9331,キャスター,growth,サービス業,情報通信・サービスその他,none
9332,ＮＩＳＳＯホールディングス,prime,サービス業,情報通信・サービスその他,small2
9336,大栄環境,prime,サービス業,情報通信・サービスその他,small1
9337,トリドリ,growth,サービス業,情報通信・サービスその他,none
9339,コーチ・エィ,standard,サービス業,情報通信・サービスその他,none
9340,アソインターナショナル,standard,サービス業,情報通信・サービスその他,none
9341,ＧＥＮＯＶＡ,prime,サービス業,情報通信・サービスその他,small2
9342,スマサポ,growth,サービス業,情報通信・サービスその他,none
9343,アイビス,growth,サービス業,情報通信・サービスその他,none
9344,アクシスコンサルティング,growth,サービス業,情報通信・サービスその他,none
9345,ビズメイツ,growth,サービス業,情報通信・サービスその他,none
9346,ココルポート,growth,サービス業,情報通信・サービスその他,none
9347,日本管財ホールディングス,prime,サービス業,情報通信・サービスその他,small2
9348,ｉｓｐａｃｅ,growth,サービス業,情報通信・サービスその他,none
9351,東洋埠頭,standard,倉庫・運輸関連業,運輸・物流,none
9353,櫻島埠頭,standard,倉庫・運輸関連業,運輸・物流,none
9355,リンコーコーポレーション,standard,倉庫・運輸関連業,運輸・物流,none
9360,鈴与シンワート,standard,情報・通信業,情報通信・サービスその他,none
9361,伏木海陸運送,standard,倉庫・運輸関連業,運輸・物流,none
9362,兵機海運,standard,倉庫・運輸関連業,運輸・物流,none
9363,大運,standard,倉庫・運輸関連業,運輸・物流,none
9364,上組,prime,倉庫・運輸関連業,運輸・物流,mid400
9365,トレーディア,standard,倉庫・運輸関連業,運輸・物流,none
9366,サンリツ,standard,倉庫・運輸関連業,運輸・物流,none
9367,大東港運,standard,倉庫・運輸関連業,運輸・物流,none
9368,キムラユニティー,standard,倉庫・運輸関連業,運輸・物流,none
9369,キユーソー流通システム,standard,倉庫・運輸関連業,運輸・物流,small2
9376,ユーラシア旅行社,standard,サービス業,情報通信・サービスその他,none
9380,東海運,standard,倉庫・運輸関連業,運輸・物流,none
9381,エーアイテイー,prime,倉庫・運輸関連業,運輸・物流,small2
9385,ショーエイコーポレーション,standard,化学,素材・化学,none
9401,ＴＢＳホールディングス,prime,情報・通信業,情報通信・サービスその他,mid400
9404,日本テレビホールディングス,prime,情報・通信業,情報通信・サービスその他,mid400
9405,朝日放送グループホールディングス,prime,情報・通信業,情報通信・サービスその他,small2
9408,ＢＳＮメディアホールディングス,standard,情報・通信業,情報通信・サービスその他,none
9409,テレビ朝日ホールディングス,prime,情報・通信業,情報通信・サービスその他,small1
9412,スカパーＪＳＡＴ,prime,情報・通信業,情報通信・サービスその他,small1
9413,テレビ東京ホールディングス,prime,情報・通信業,情報通信・サービスその他,small1
9414,日本ＢＳ放送,standard,情報・通信業,情報通信・サービスその他,none
9416,ビジョン,prime,情報・通信業,情報通信・サービスその他,small1
9417,スマートバリュー,standard,情報・通信業,情報通信・サービスその他,none
9418,Ｕ－ＮＥＸＴ　ＨＯＬＤＩＮＧＳ,prime,情報・通信業,情報通信・サービスその他,small1
9419,ワイヤレスゲート,standard,情報・通信業,情報通信・サービスその他,none
9421,エヌジェイホールディングス,standard,情報・通信業,情報通信・サービスその他,none
9423,フォーバル・リアルストレート,standard,情報・通信業,情報通信・サービスその他,none
9424,日本通信,prime,情報・通信業,情報通信・サービスその他,small2
9425,ＲｅＹｕｕ　Ｊａｐａｎ,standard,情報・通信業,情報通信・サービスその他,none
9428,クロップス,standard,情報・通信業,情報通信・サービスその他,none
9432,ＮＴＴ,prime,情報・通信業,情報通信・サービスその他,core30
9433,ＫＤＤＩ,prime,情報・通信業,情報通信・サービスその他,core30
9434,ソフトバンク,prime,情報・通信業,情報通信・サービスその他,core30
9435,光通信,prime,情報・通信業,情報通信・サービスその他,mid400
9436,沖縄セルラー電話,standard,情報・通信業,情報通信・サービスその他,none
9438,エムティーアイ,prime,情報・通信業,情報通信・サービスその他,small2
9439,エム・エイチ・グループ,standard,サービス業,情報通信・サービスその他,none
9441,ベルパーク,standard,情報・通信業,情報通信・サービスその他,none
9444,トーシンホールディングス,standard,情報・通信業,情報通信・サービスその他,none
9445,フォーバルテレコム,standard,情報・通信業,情報通信・サービスその他,none
9446,サカイホールディングス,standard,情報・通信業,情報通信・サービスその他,none
9449,ＧＭＯインターネットグループ,prime,情報・通信業,情報通信・サービスその他,mid400
9450,ファイバーゲート,standard,情報・通信業,情報通信・サービスその他,small2
9466,アイドママーケティングコミュニケーション,standard,情報・通信業,情報通信・サービスその他,none
9467,アルファポリス,growth,情報・通信業,情報通信・サービスその他,none
9468,ＫＡＤＯＫＡＷＡ,prime,情報・通信業,情報通信・サービスその他,mid400
9470,学研ホールディングス,prime,情報・通信業,情報通信・サービスその他,small2
9474,ゼンリン,prime,情報・通信業,情報通信・サービスその他,small2
9475,昭文社ホールディングス,standard,情報・通信業,情報通信・サービスその他,none
9476,中央経済社ホールディングス,standard,情報・通信業,情報通信・サービスその他,none
9478,ＳＥホールディングス・アンド・インキュベーションズ,standard,情報・通信業,情報通信・サービスその他,none
9501,東京電力ホールディングス,prime,電気・ガス業,電力・ガス,mid400
9502,中部電力,prime,電気・ガス業,電力・ガス,mid400
9503,関西電力,prime,電気・ガス業,電力・ガス,mid400
9504,中国電力,prime,電気・ガス業,電力・ガス,mid400
9505,北陸電力,prime,電気・ガス業,電力・ガス,mid400
9506,東北電力,prime,電気・ガス業,電力・ガス,mid400
9507,四国電力,prime,電気・ガス業,電力・ガス,mid400
9508,九州電力,prime,電気・ガス業,電力・ガス,mid400
9509,北海道電力,prime,電気・ガス業,電力・ガス,mid400
9511,沖縄電力,prime,電気・ガス業,電力・ガス,small1
9513,電源開発,prime,電気・ガス業,電力・ガス,mid400
9514,エフオン,standard,電気・ガス業,電力・ガス,small2
9517,イーレックス,prime,電気・ガス業,電力・ガス,small2
9519,レノバ,prime,電気・ガス業,電力・ガス,small1
9531,東京瓦斯,prime,電気・ガス業,電力・ガス,mid400
9532,大阪瓦斯,prime,電気・ガス業,電力・ガス,mid400
9533,東邦瓦斯,prime,電気・ガス業,電力・ガス,mid400
9534,北海道瓦斯,prime,電気・ガス業,電力・ガス,small2
9535,広島ガス,prime,電気・ガス業,電力・ガス,small2
9536,西部ガスホールディングス,prime,電気・ガス業,電力・ガス,small2
9537,北陸瓦斯,standard,電気・ガス業,電力・ガス,none
9539,京葉瓦斯,standard,電気・ガス業,電力・ガス,none
9543,静岡ガス,prime,電気・ガス業,電力・ガス,small1
9551,メタウォーター,prime,電気・ガス業,電力・ガス,small1
9552,クオンツ総研ホールディングス,prime,サービス業,情報通信・サービスその他,small1
9553,マイクロアド,growth,サービス業,情報通信・サービスその他,none
9554,ＡＶｉＣ,growth,サービス業,情報通信・サービスその他,none
9556,ＩＮＴＬＯＯＰ,growth,サービス業,情報通信・サービスその他,none
9557,エアークローゼット,growth,サービス業,情報通信・サービスその他,none
9558,ジャパニアス,growth,サービス業,情報通信・サービスその他,none
9560,プログリット,growth,サービス業,情報通信・サービスその他,none
9561,グラッドキューブ,growth,サービス業,情報通信・サービスその他,none
9562,ビジネスコーチ,growth,サービス業,情報通信・サービスその他,none
9563,Ａｔｌａｓ　Ｔｅｃｈｎｏｌｏｇｉｅｓ,growth,サービス業,情報通信・サービスその他,none
9564,ＦＣＥ,standard,サービス業,情報通信・サービスその他,none
9565,ＧＬＯＥ,growth,サービス業,情報通信・サービスその他,none
9601,松竹,prime,情報・通信業,情報通信・サービスその他,small1
9602,東宝,prime,情報・通信業,情報通信・サービスその他,mid400
9603,エイチ・アイ・エス,prime,サービス業,情報通信・サービスその他,small1
9605,東映,prime,情報・通信業,情報通信・サービスその他,small1
9610,ウィルソン・ラーニング　ワールドワイド,standard,サービス業,情報通信・サービスその他,none
9612,ラックランド,prime,サービス業,情報通信・サービスその他,small2
9616,共立メンテナンス,prime,サービス業,情報通信・サービスその他,mid400
9619,イチネンホールディングス,prime,サービス業,情報通信・サービスその他,small2
9621,建設技術研究所,prime,サービス業,情報通信・サービスその他,small1
9622,スペース,prime,サービス業,情報通信・サービスその他,small2
9625,セレスポ,standard,サービス業,情報通信・サービスその他,none
9627,アインホールディングス,prime,小売業,小売,mid400
9628,燦ホールディングス,prime,サービス業,情報通信・サービスその他,small2
9629,ピー・シー・エー,prime,情報・通信業,情報通信・サービスその他,small2
9632,スバル興業,standard,サービス業,情報通信・サービスその他,small2
9633,東京テアトル,standard,不動産業,不動産,none
9635,武蔵野興業,standard,サービス業,情報通信・サービスその他,none
9636,きんえい,standard,サービス業,情報通信・サービスその他,none
9639,三協フロンテア,standard,サービス業,情報通信・サービスその他,none
9640,セゾンテクノロジー,standard,情報・通信業,情報通信・サービスその他,none
9644,タナベコンサルティンググループ,prime,サービス業,情報通信・サービスその他,small2
9647,協和コンサルタンツ,standard,サービス業,情報通信・サービスその他,none
9651,日本プロセス,standard,情報・通信業,情報通信・サービスその他,none
9656,グリーンランドリゾート,standard,サービス業,情報通信・サービスその他,none
9658,ビジネスブレイン太田昭和,prime,情報・通信業,情報通信・サービスその他,small2
9661,歌舞伎座,standard,サービス業,情報通信・サービスその他,none
9663,ナガワ,prime,サービス業,情報通信・サービスその他,small2
9672,東京都競馬,prime,サービス業,情報通信・サービスその他,small1
9678,カナモト,prime,サービス業,情報通信・サービスその他,small1
9679,ホウライ,standard,サービス業,情報通信・サービスその他,none
9682,ＤＴＳ,prime,情報・通信業,情報通信・サービスその他,small1
9684,スクウェア・エニックス・ホールディングス,prime,情報・通信業,情報通信・サービスその他,mid400
9685,ＫＹＣＯＭホールディングス,standard,情報・通信業,情報通信・サービスその他,none
9686,東洋テック,standard,サービス業,情報通信・サービスその他,none
9687,ＫＳＫ,standard,情報・通信業,情報通信・サービスその他,none
9691,両毛システムズ,standard,情報・通信業,情報通信・サービスその他,none
9692,シーイーシー,prime,情報・通信業,情報通信・サービスその他,small1
9697,カプコン,prime,情報・通信業,情報通信・サービスその他,mid400
9698,クレオ,standard,情報・通信業,情報通信・サービスその他,none
9699,ニシオホールディングス,prime,サービス業,情報通信・サービスその他,small1
9701,東京會舘,standard,サービス業,情報通信・サービスその他,none
9702,アイ・エス・ビー,prime,情報・通信業,情報通信・サービスその他,small2
9704,アゴーラ　ホスピタリティー　グループ,standard,サービス業,情報通信・サービスその他,none
9706,日本空港ビルデング,prime,不動産業,不動産,mid400
9708,帝国ホテル,standard,サービス業,情報通信・サービスその他,none
9709,ＮＣＳ＆Ａ,standard,情報・通信業,情報通信・サービスその他,none
9713,ロイヤルホテル,standard,サービス業,情報通信・サービスその他,none
9715,トランス・コスモス,prime,サービス業,情報通信・サービスその他,small1
9716,乃村工藝社,prime,サービス業,情報通信・サービスその他,small1
9720,ホテル、ニューグランド,standard,サービス業,情報通信・サービスその他,none
9722,藤田観光,prime,サービス業,情報通信・サービスその他,small1
9723,京都ホテル,standard,サービス業,情報通信・サービスその他,none
9726,ＫＮＴ－ＣＴホールディングス,standard,サービス業,情報通信・サービスその他,small2
9729,トーカイ,prime,サービス業,情報通信・サービスその他,small2
9731,白洋舎,standard,サービス業,情報通信・サービスその他,none
9733,ナガセ,standard,サービス業,情報通信・サービスその他,none
9735,セコム,prime,サービス業,情報通信・サービスその他,large70
9739,ＮＳＷ,prime,情報・通信業,情報通信・サービスその他,small2
9740,セントラル警備保障,prime,サービス業,情報通信・サービスその他,small2
9742,アイネス,prime,情報・通信業,情報通信・サービスその他,small2
9743,丹青社,prime,サービス業,情報通信・サービスその他,small1
9744,メイテックグループホールディングス,prime,サービス業,情報通信・サービスその他,mid400
9746,ＴＫＣ,prime,情報・通信業,情報通信・サービスその他,small1
9753,アイエックス・ナレッジ,standard,情報・通信業,情報通信・サービスその他,none
9755,応用地質,prime,サービス業,情報通信・サービスその他,small2
9757,船井総研ホールディングス,prime,サービス業,情報通信・サービスその他,small1
9759,ＮＳＤ,prime,情報・通信業,情報通信・サービスその他,mid400
9760,進学会ホールディングス,standard,サービス業,情報通信・サービスその他,none
9761,東海リース,standard,サービス業,情報通信・サービスその他,none
9763,丸建リース,standard,卸売業,商社・卸売,none
9765,オオバ,prime,サービス業,情報通信・サービスその他,none
9766,コナミグループ,prime,情報・通信業,情報通信・サービスその他,mid400
9767,日建工学,standard,サービス業,情報通信・サービスその他,none
9768,いであ,standard,サービス業,情報通信・サービスその他,none
9769,学究社,prime,サービス業,情報通信・サービスその他,small2
9778,昴,standard,サービス業,情報通信・サービスその他,none
9780,ハリマビステム,standard,サービス業,情報通信・サービスその他,none
9782,ディーエムエス,standard,サービス業,情報通信・サービスその他,none
9788,ナック,prime,サービス業,情報通信・サービスその他,small2
9790,福井コンピュータホールディングス,prime,情報・通信業,情報通信・サービスその他,small2
9791,ビケンテクノ,standard,サービス業,情報通信・サービスその他,none
9793,ダイセキ,prime,サービス業,情報通信・サービスその他,small1
9795,ステップ,prime,サービス業,情報通信・サービスその他,small2
9799,旭情報サービス,standard,情報・通信業,情報通信・サービスその他,none
9812,テーオーホールディングス,standard,小売業,小売,none
9816,ストライダーズ,standard,不動産業,不動産,none
9818,大丸エナウィン,standard,卸売業,商社・卸売,none
9820,エムティジェネックス,standard,不動産業,不動産,none
9823,マミーマートホールディングス,standard,小売業,小売,none
9824,泉州電業,prime,卸売業,商社・卸売,small1
9827,リリカラ,standard,卸売業,商社・卸売,none
9828,Ｇｅｎｋｉ　Ｇｌｏｂａｌ　Ｄｉｎｉｎｇ　Ｃｏｎｃｅｐｔｓ,standard,小売業,小売,small1
9830,トラスコ中山,prime,卸売業,商社・卸売,small1
9831,ヤマダホールディングス,prime,小売業,小売,mid400
9832,オートバックスセブン,prime,卸売業,商社・卸売,small1
9835,ジュンテンドー,standard,小売業,小売,none
9837,モリト,prime,卸売業,商社・卸売,small2
9842,アークランズ,prime,小売業,小売,small1
9843,ニトリホールディングス,prime,小売業,小売,mid400
9845,パーカーコーポレーション,standard,化学,素材・化学,none
9846,天満屋ストア,standard,小売業,小売,none
9849,共同紙販ホールディングス,standard,卸売業,商社・卸売,none
9850,グルメ杵屋,prime,小売業,小売,small2
9853,銀座ルノアール,standard,小売業,小売,none
9854,愛眼,standard,小売業,小売,none
9856,ケーユーホールディングス,standard,小売業,小売,small2
9857,英和,standard,卸売業,商社・卸売,none
9861,吉野家ホールディングス,prime,小売業,小売,mid400
9867,ソレキア,standard,卸売業,商社・卸売,none
9869,加藤産業,prime,卸売業,商社・卸売,small1
9872,北恵,standard,卸売業,商社・卸売,none
9876,コックス,standard,小売業,小売,none
9878,セキド,standard,小売業,小売,none
9880,イノテック,prime,電気機器,電機・精密,small2
9882,イエローハット,prime,卸売業,商社・卸売,small1
9885,シャルレ,standard,卸売業,商社・卸売,none
9887,松屋フーズホールディングス,prime,小売業,小売,small1
9888,ＵＥＸ,standard,卸売業,商社・卸売,none
9889,ＪＢＣＣホールディングス,prime,情報・通信業,情報通信・サービスその他,small1
9890,マキヤ,standard,小売業,小売,none
9895,コンセック,standard,卸売業,商社・卸売,none
9896,ＪＫホールディングス,standard,卸売業,商社・卸売,small2
9900,サガミホールディングス,prime,小売業,小売,small1
9902,日伝,prime,卸売業,商社・卸売,small2
9903,カンセキ,standard,小売業,小売,none
9904,ベリテ,standard,小売業,小売,none
9906,藤井産業,standard,卸売業,商社・卸売,none
9908,日本電計,standard,卸売業,商社・卸売,none
9913,日邦産業,standard,卸売業,商社・卸売,none
9914,植松商会,standard,卸売業,商社・卸売,none
9928,ミロク情報サービス,prime,情報・通信業,情報通信・サービスその他,small2
9929,平和紙業,standard,卸売業,商社・卸売,none
9930,北沢産業,standard,卸売業,商社・卸売,none
9932,杉本商事,prime,卸売業,商社・卸売,small2
9934,因幡電機産業,prime,卸売業,商社・卸売,mid400
9936,王将フードサービス,prime,小売業,小売,small1
9941,太洋物産,standard,卸売業,商社・卸売,none
9946,ミニストップ,prime,小売業,小売,small2
9948,アークス,prime,小売業,小売,small1
9950,ハチバン,standard,小売業,小売,none
9955,ヨンキュウ,standard,卸売業,商社・卸売,none
9956,バローホールディングス,prime,小売業,小売,small1
9959,アシードホールディングス,standard,小売業,小売,none
9960,東テク,prime,卸売業,商社・卸売,small1
9962,ミスミグループ本社,prime,卸売業,商社・卸売,mid400
9969,ショクブン,standard,小売業,小売,none
9972,アルテック,standard,卸売業,商社・卸売,none
9973,ＫＯＺＯホールディングス,standard,小売業,小売,none
9974,ベルク,prime,小売業,小売,small1
9976,セキチュー,standard,小売業,小売,none
9978,文教堂グループホールディングス,standard,小売業,小売,none
9979,大庄,standard,小売業,小売,small2
9980,ＭＲＫホールディングス,standard,小売業,小売,none
9982,タキヒヨー,standard,卸売業,商社・卸売,none
9983,ファーストリテイリング,prime,小売業,小売,core30
9984,ソフトバンクグループ,prime,情報・通信業,情報通信・サービスその他,core30
9986,蔵王産業,standard,卸売業,商社・卸売,none
9987,スズケン,prime,卸売業,商社・卸売,mid400
9989,サンドラッグ,prime,小売業,小売,mid400
9990,サックスバー　ホールディングス,prime,小売業,小売,small2
9991,ジェコス,prime,卸売業,商社・卸売,small2
9993,ヤマザワ,standard,小売業,小売,none
9994,やまや,standard,小売業,小売,none
9996,サトー商会,standard,卸売業,商社・卸売,none
9997,ベルーナ,prime,小売業,小売,small1
